[{"__type__":"cc.SpriteFrame","content":{"name":"fox_click_16","texture":"97nOgiU6dBUrIECXxa1iIv","rect":[478,778,68,61],"offset":[0,-3],"originalSize":[68,67]}},{"__type__":"cc.SpriteFrame","content":{"name":"fox_click_22","texture":"97nOgiU6dBUrIECXxa1iIv","rect":[482,138,68,63],"offset":[0,-2],"originalSize":[68,67],"rotated":1}},{"__type__":"cc.SpriteFrame","content":{"name":"fox_click_28","texture":"97nOgiU6dBUrIECXxa1iIv","rect":[482,138,68,63],"offset":[0,-2],"originalSize":[68,67],"rotated":1}},{"__type__":"cc.SpriteFrame","content":{"name":"fox_click_08","texture":"97nOgiU6dBUrIECXxa1iIv","rect":[274,955,68,65],"offset":[0,-1],"originalSize":[68,67]}},{"__type__":"cc.SpriteFrame","content":{"name":"fox_click_10","texture":"97nOgiU6dBUrIECXxa1iIv","rect":[154,811,68,67],"offset":[0,0],"originalSize":[68,67],"rotated":1}},{"__type__":"cc.SpriteFrame","content":{"name":"fox_click_11","texture":"97nOgiU6dBUrIECXxa1iIv","rect":[342,955,68,63],"offset":[0,-2],"originalSize":[68,67]}},{"__type__":"cc.SpriteFrame","content":{"name":"fox_click_07","texture":"97nOgiU6dBUrIECXxa1iIv","rect":[482,2,68,63],"offset":[0,-2],"originalSize":[68,67],"rotated":1}},{"__type__":"cc.SpriteFrame","content":{"name":"fox_click_25","texture":"97nOgiU6dBUrIECXxa1iIv","rect":[482,138,68,63],"offset":[0,-2],"originalSize":[68,67],"rotated":1}},{"__type__":"cc.AnimationClip","_name":"click","_duration":1.0344827586206897,"sample":29,"wrapMode":2,"curveData":{"comps":{"cc.Sprite":{"spriteFrame":[{"frame":0,"value":{"__uuid__":"e1D+eFVhhNDaYoeILeu8iL"}},{"frame":0.034482758620689655,"value":{"__uuid__":"65yH3FemRB6ZWaD/yNv/4N"}},{"frame":0.06896551724137931,"value":{"__uuid__":"4daIuFm2xIt4LP5H+4iJfD"}},{"frame":0.10344827586206896,"value":{"__uuid__":"3eB3yiuOlI8IPqkdb/LbAL"}},{"frame":0.13793103448275862,"value":{"__uuid__":"c8j3H9jllGRIeRXMfL6pEl"}},{"frame":0.1724137931034483,"value":{"__uuid__":"e7QlT3EIVOhJsjgfKnV+1g"}},{"frame":0.20689655172413793,"value":{"__uuid__":"63acg5nOdM1ajnWoxNGShX"}},{"frame":0.2413793103448276,"value":{"__uuid__":"19ufVZYBNJ87Sn+67I6okN"}},{"frame":0.27586206896551724,"value":{"__uuid__":"10cg6hVIFNl6vQ41qEb/xX"}},{"frame":0.3103448275862069,"value":{"__uuid__":"6evjm4uMJMxISZIq15XaT2"}},{"frame":0.3448275862068966,"value":{"__uuid__":"11UoRRispDKZjV8POR1+xc"}},{"frame":0.3793103448275862,"value":{"__uuid__":"1429XQm/dOt4XwCQmbiSz1"}},{"frame":0.41379310344827586,"value":{"__uuid__":"5ewhk4fbFAtr6bO/ra7WEm"}},{"frame":0.4482758620689655,"value":{"__uuid__":"767X/d4w5FxqRmj4GK6zez"}},{"frame":0.4827586206896552,"value":{"__uuid__":"9eEnuzaXBJCqDx+TfIuani"}},{"frame":0.5172413793103449,"value":{"__uuid__":"6b6hrMYrxCDKhRlIWfspE8"}},{"frame":0.5517241379310345,"value":{"__uuid__":"01IRazGGJD1Zke9oXn3U35"}},{"frame":0.5862068965517241,"value":{"__uuid__":"6d2vHHFvpItZfxy3HGJHCV"}},{"frame":0.6206896551724138,"value":{"__uuid__":"5dayQ/rC5LCLZbhPUs5XcU"}},{"frame":0.6551724137931034,"value":{"__uuid__":"2dJkm1jehDVr7eR3vX+6+a"}},{"frame":0.6896551724137931,"value":{"__uuid__":"bfgUlGKOlClqhLhL7KcNBV"}},{"frame":0.7241379310344828,"value":{"__uuid__":"8cmJ19UqxJ7I9zGHm1aNOd"}},{"frame":0.7586206896551724,"value":{"__uuid__":"05jPN/8B5EFJqeA88oNHli"}},{"frame":0.7931034482758621,"value":{"__uuid__":"7bFm75ffhFurLtGQSyJGMA"}},{"frame":0.8275862068965517,"value":{"__uuid__":"a2qqlhmD9DVKjuH6PPcR/t"}},{"frame":0.8620689655172413,"value":{"__uuid__":"21klYNBo1IBIS1AZJbE6bA"}},{"frame":0.896551724137931,"value":{"__uuid__":"9csGuVsRtCjbMUTR8qR+tZ"}},{"frame":0.9310344827586207,"value":{"__uuid__":"d7GwsFQAZNHIsXXuWEyF41"}},{"frame":0.9655172413793104,"value":{"__uuid__":"0eN33GzqVPuKHcAMbhGoLa"}},{"frame":1,"value":{"__uuid__":"acQfr0gFxIiblsjdJlR/Ht"}}]}}}},{"__type__":"cc.SpriteFrame","content":{"name":"fox_click_19","texture":"97nOgiU6dBUrIECXxa1iIv","rect":[2,957,68,63],"offset":[0,-2],"originalSize":[68,67]}},{"__type__":"cc.SpriteFrame","content":{"name":"fox_click_03","texture":"97nOgiU6dBUrIECXxa1iIv","rect":[410,955,68,63],"offset":[0,-2],"originalSize":[68,67]}},{"__type__":"cc.SpriteFrame","content":{"name":"fox_click_02","texture":"97nOgiU6dBUrIECXxa1iIv","rect":[410,955,68,63],"offset":[0,-2],"originalSize":[68,67]}},{"__type__":"cc.SpriteFrame","content":{"name":"fox_click_18","texture":"97nOgiU6dBUrIECXxa1iIv","rect":[70,957,68,63],"offset":[0,-2],"originalSize":[68,67]}},{"__type__":"cc.SpriteFrame","content":{"name":"fox_click_12","texture":"97nOgiU6dBUrIECXxa1iIv","rect":[478,957,68,55],"offset":[0,-6],"originalSize":[68,67]}},{"__type__":"cc.SpriteFrame","content":{"name":"fox_click_06","texture":"97nOgiU6dBUrIECXxa1iIv","rect":[482,70,68,63],"offset":[0,-2],"originalSize":[68,67],"rotated":1}},{"__type__":"cc.SpriteFrame","content":{"name":"fox_click_01","texture":"97nOgiU6dBUrIECXxa1iIv","rect":[410,955,68,63],"offset":[0,-2],"originalSize":[68,67]}},{"__type__":"cc.SpriteFrame","content":{"name":"fox_click_15","texture":"97nOgiU6dBUrIECXxa1iIv","rect":[478,839,68,59],"offset":[0,-4],"originalSize":[68,67]}},{"__type__":"cc.SpriteFrame","content":{"name":"fox_click_17","texture":"97nOgiU6dBUrIECXxa1iIv","rect":[138,957,68,63],"offset":[0,-2],"originalSize":[68,67]}},{"__type__":"cc.SpriteFrame","content":{"name":"fox_click_09","texture":"97nOgiU6dBUrIECXxa1iIv","rect":[478,274,68,67],"offset":[0,0],"originalSize":[68,67]}},{"__type__":"cc.SpriteFrame","content":{"name":"fox_click_13","texture":"97nOgiU6dBUrIECXxa1iIv","rect":[478,898,68,59],"offset":[0,-4],"originalSize":[68,67]}},{"__type__":"cc.SpriteFrame","content":{"name":"fox_click_23","texture":"97nOgiU6dBUrIECXxa1iIv","rect":[482,138,68,63],"offset":[0,-2],"originalSize":[68,67],"rotated":1}},{"__type__":"cc.SpriteFrame","content":{"name":"fox_click_21","texture":"97nOgiU6dBUrIECXxa1iIv","rect":[482,138,68,63],"offset":[0,-2],"originalSize":[68,67],"rotated":1}},{"__type__":"cc.SpriteFrame","content":{"name":"fox_click_26","texture":"97nOgiU6dBUrIECXxa1iIv","rect":[482,138,68,63],"offset":[0,-2],"originalSize":[68,67],"rotated":1}},{"__type__":"cc.SpriteFrame","content":{"name":"fox_click_14","texture":"97nOgiU6dBUrIECXxa1iIv","rect":[206,956,68,63],"offset":[0,-2],"originalSize":[68,67]}},{"__type__":"cc.SpriteFrame","content":{"name":"fox_click_24","texture":"97nOgiU6dBUrIECXxa1iIv","rect":[482,138,68,63],"offset":[0,-2],"originalSize":[68,67],"rotated":1}},{"__type__":"cc.SpriteFrame","content":{"name":"fox_click_29","texture":"97nOgiU6dBUrIECXxa1iIv","rect":[482,138,68,63],"offset":[0,-2],"originalSize":[68,67],"rotated":1}},{"__type__":"cc.SpriteFrame","content":{"name":"fox_click_20","texture":"97nOgiU6dBUrIECXxa1iIv","rect":[482,206,68,63],"offset":[0,-2],"originalSize":[68,67],"rotated":1}},{"__type__":"cc.SpriteFrame","content":{"name":"fox_click_04","texture":"97nOgiU6dBUrIECXxa1iIv","rect":[410,955,68,63],"offset":[0,-2],"originalSize":[68,67]}},{"__type__":"cc.SpriteFrame","content":{"name":"fox_click_27","texture":"97nOgiU6dBUrIECXxa1iIv","rect":[482,138,68,63],"offset":[0,-2],"originalSize":[68,67],"rotated":1}},{"__type__":"cc.SpriteFrame","content":{"name":"fox_click_00","texture":"97nOgiU6dBUrIECXxa1iIv","rect":[410,955,68,63],"offset":[0,-2],"originalSize":[68,67]}},{"__type__":"cc.SpriteFrame","content":{"name":"fox_click_05","texture":"97nOgiU6dBUrIECXxa1iIv","rect":[410,955,68,63],"offset":[0,-2],"originalSize":[68,67]}}]