[{"__type__":"cc.SpriteFrame","content":{"name":"kai_231_destroy_light_15","texture":"028twxOidNh5ZYcySwKwWa","rect":[0,0,85,87],"offset":[0,0],"originalSize":[85,87]}},[{"__type__":"cc.Prefab","_name":"desanimnode","data":{"__id__":1},"asyncLoadAssets":null},{"__type__":"cc.Node","_name":"desanimnode","_components":[{"__type__":"cc.Sprite","node":{"__id__":1},"_spriteFrame":{"__uuid__":"1cGCgPPTtFMKyjciB2+D0K"}},{"__type__":"cc.Animation","node":{"__id__":1},"_defaultClip":{"__uuid__":"7db3wg5xJEgodX3Jgxk41i"},"_clips":[{"__uuid__":"7db3wg5xJEgodX3Jgxk41i"}],"playOnLoad":true},{"__type__":"23dca8cY6RGC6Ld9+C7o+0J","node":{"__id__":1}}],"_prefab":{"__type__":"cc.PrefabInfo","root":{"__id__":1},"asset":{"__id__":0},"fileId":"0b3vxWnv1G7aVwAf11ysAs"},"_contentSize":{"__type__":"cc.Size","width":85,"height":87}}]]