[{"__type__":"cc.SpriteFrame","content":{"name":"cat_click_14","texture":"b54TmcsrtGW6tSjwAPk2EM","rect":[520,282,66,61],"offset":[0,0],"originalSize":[68,61]}},{"__type__":"cc.SpriteFrame","content":{"name":"cat_click_16","texture":"b54TmcsrtGW6tSjwAPk2EM","rect":[916,344,68,59],"offset":[0,1],"originalSize":[68,61]}},{"__type__":"cc.SpriteFrame","content":{"name":"cat_click_20","texture":"b54TmcsrtGW6tSjwAPk2EM","rect":[848,344,68,59],"offset":[0,1],"originalSize":[68,61]}},{"__type__":"cc.SpriteFrame","content":{"name":"cat_click_25","texture":"b54TmcsrtGW6tSjwAPk2EM","rect":[780,341,68,59],"offset":[0,1],"originalSize":[68,61]}},{"__type__":"cc.SpriteFrame","content":{"name":"cat_click_00","texture":"b54TmcsrtGW6tSjwAPk2EM","rect":[916,344,68,59],"offset":[0,1],"originalSize":[68,61]}},{"__type__":"cc.SpriteFrame","content":{"name":"cat_click_26","texture":"b54TmcsrtGW6tSjwAPk2EM","rect":[780,341,68,59],"offset":[0,1],"originalSize":[68,61]}},{"__type__":"cc.SpriteFrame","content":{"name":"cat_click_08","texture":"b54TmcsrtGW6tSjwAPk2EM","rect":[386,287,68,57],"offset":[0,1],"originalSize":[68,61]}},{"__type__":"cc.SpriteFrame","content":{"name":"cat_click_12","texture":"b54TmcsrtGW6tSjwAPk2EM","rect":[454,285,66,59],"offset":[0,1],"originalSize":[68,61]}},{"__type__":"cc.SpriteFrame","content":{"name":"cat_click_05","texture":"b54TmcsrtGW6tSjwAPk2EM","rect":[916,344,68,59],"offset":[0,1],"originalSize":[68,61]}},{"__type__":"cc.SpriteFrame","content":{"name":"cat_click_07","texture":"b54TmcsrtGW6tSjwAPk2EM","rect":[916,344,68,59],"offset":[0,1],"originalSize":[68,61]}},{"__type__":"cc.SpriteFrame","content":{"name":"cat_click_02","texture":"b54TmcsrtGW6tSjwAPk2EM","rect":[916,344,68,59],"offset":[0,1],"originalSize":[68,61]}},{"__type__":"cc.SpriteFrame","content":{"name":"cat_click_27","texture":"b54TmcsrtGW6tSjwAPk2EM","rect":[848,344,68,59],"offset":[0,1],"originalSize":[68,61]}},{"__type__":"cc.SpriteFrame","content":{"name":"cat_click_29","texture":"b54TmcsrtGW6tSjwAPk2EM","rect":[916,344,68,59],"offset":[0,1],"originalSize":[68,61]}},{"__type__":"cc.SpriteFrame","content":{"name":"cat_click_04","texture":"b54TmcsrtGW6tSjwAPk2EM","rect":[916,344,68,59],"offset":[0,1],"originalSize":[68,61]}},{"__type__":"cc.SpriteFrame","content":{"name":"cat_click_21","texture":"b54TmcsrtGW6tSjwAPk2EM","rect":[780,341,68,59],"offset":[0,1],"originalSize":[68,61]}},{"__type__":"cc.SpriteFrame","content":{"name":"cat_click_01","texture":"b54TmcsrtGW6tSjwAPk2EM","rect":[916,344,68,59],"offset":[0,1],"originalSize":[68,61]}},{"__type__":"cc.SpriteFrame","content":{"name":"cat_click_13","texture":"b54TmcsrtGW6tSjwAPk2EM","rect":[814,280,66,61],"offset":[-1,0],"originalSize":[68,61]}},{"__type__":"cc.SpriteFrame","content":{"name":"cat_click_15","texture":"b54TmcsrtGW6tSjwAPk2EM","rect":[916,344,68,59],"offset":[0,1],"originalSize":[68,61]}},{"__type__":"cc.SpriteFrame","content":{"name":"cat_click_24","texture":"b54TmcsrtGW6tSjwAPk2EM","rect":[240,288,68,59],"offset":[0,1],"originalSize":[68,61]}},{"__type__":"cc.SpriteFrame","content":{"name":"cat_click_23","texture":"b54TmcsrtGW6tSjwAPk2EM","rect":[240,288,68,59],"offset":[0,1],"originalSize":[68,61]}},{"__type__":"cc.SpriteFrame","content":{"name":"cat_click_06","texture":"b54TmcsrtGW6tSjwAPk2EM","rect":[916,344,68,59],"offset":[0,1],"originalSize":[68,61]}},{"__type__":"cc.SpriteFrame","content":{"name":"cat_click_19","texture":"b54TmcsrtGW6tSjwAPk2EM","rect":[848,344,68,59],"offset":[0,1],"originalSize":[68,61]}},{"__type__":"cc.SpriteFrame","content":{"name":"cat_click_17","texture":"b54TmcsrtGW6tSjwAPk2EM","rect":[916,344,68,59],"offset":[0,1],"originalSize":[68,61]}},{"__type__":"cc.SpriteFrame","content":{"name":"cat_click_03","texture":"b54TmcsrtGW6tSjwAPk2EM","rect":[916,344,68,59],"offset":[0,1],"originalSize":[68,61]}},{"__type__":"cc.SpriteFrame","content":{"name":"cat_click_11","texture":"b54TmcsrtGW6tSjwAPk2EM","rect":[476,149,68,57],"offset":[0,1],"originalSize":[68,61]}},{"__type__":"cc.SpriteFrame","content":{"name":"cat_click_10","texture":"b54TmcsrtGW6tSjwAPk2EM","rect":[946,203,68,55],"offset":[0,1],"originalSize":[68,61],"rotated":1}},{"__type__":"cc.SpriteFrame","content":{"name":"cat_click_22","texture":"b54TmcsrtGW6tSjwAPk2EM","rect":[780,341,68,59],"offset":[0,1],"originalSize":[68,61]}},{"__type__":"cc.SpriteFrame","content":{"name":"cat_click_28","texture":"b54TmcsrtGW6tSjwAPk2EM","rect":[916,344,68,59],"offset":[0,1],"originalSize":[68,61]}},{"__type__":"cc.SpriteFrame","content":{"name":"cat_click_09","texture":"b54TmcsrtGW6tSjwAPk2EM","rect":[946,2,68,57],"offset":[0,1],"originalSize":[68,61],"rotated":1}},{"__type__":"cc.AnimationClip","_name":"click","_duration":1.0344827586206897,"sample":29,"wrapMode":2,"curveData":{"comps":{"cc.Sprite":{"spriteFrame":[{"frame":0,"value":{"__uuid__":"29abzeXnxMfqw7Kw72GI26"}},{"frame":0.034482758620689655,"value":{"__uuid__":"7578f7N/tIZYS1A4N+qPx6"}},{"frame":0.06896551724137931,"value":{"__uuid__":"55C4QQWmVC+a/qIkGmacZq"}},{"frame":0.10344827586206896,"value":{"__uuid__":"c4ID7u7RxN6YXJpietH3Tl"}},{"frame":0.13793103448275862,"value":{"__uuid__":"62/pGnPmFJA5ssRfqXhFHQ"}},{"frame":0.1724137931034483,"value":{"__uuid__":"4bSOZTrw5Iz6fDiGcSXIOg"}},{"frame":0.20689655172413793,"value":{"__uuid__":"aa83eVAp9ENpSP9VRhviPb"}},{"frame":0.2413793103448276,"value":{"__uuid__":"52iZSdsg9AFJdbQF9+EwVq"}},{"frame":0.27586206896551724,"value":{"__uuid__":"390JHG6f5DKY8rP3wEJy1R"}},{"frame":0.3103448275862069,"value":{"__uuid__":"f13+asj/ZM46+/HKeKIbfV"}},{"frame":0.3448275862068966,"value":{"__uuid__":"e9DBYfIE5B0bf3zCf4BlIM"}},{"frame":0.3793103448275862,"value":{"__uuid__":"caYuC3xqBNaZ8eGYUyFBOf"}},{"frame":0.41379310344827586,"value":{"__uuid__":"44/uiLVblGyYDC8CEynNcQ"}},{"frame":0.4482758620689655,"value":{"__uuid__":"8eFIcvDMZC1pOUhE6maCqm"}},{"frame":0.4827586206896552,"value":{"__uuid__":"09fSxCdYtH7rLItm/VjMNb"}},{"frame":0.5172413793103449,"value":{"__uuid__":"8fuG57V8RLd4D10Eb0LiNH"}},{"frame":0.5517241379310345,"value":{"__uuid__":"0d4vIwSHVHuL4kh3cxOJiX"}},{"frame":0.5862068965517241,"value":{"__uuid__":"aeVFmxSdtMFJgjRzBAsN83"}},{"frame":0.6206896551724138,"value":{"__uuid__":"f6jDO6yoxByalCu7wqzGff"}},{"frame":0.6551724137931034,"value":{"__uuid__":"absjWutUdPH4t7t6ct22iJ"}},{"frame":0.6896551724137931,"value":{"__uuid__":"20xpUl8pxKwLuuVs2NX2ZQ"}},{"frame":0.7241379310344828,"value":{"__uuid__":"6fpl0beOhIyK77R6LyBOH5"}},{"frame":0.7586206896551724,"value":{"__uuid__":"ecWmW18e9AFqEq7DnuQprF"}},{"frame":0.7931034482758621,"value":{"__uuid__":"9e8IzkA95CxJU6Kl/4Xgog"}},{"frame":0.8275862068965517,"value":{"__uuid__":"9edRx8BElPq6lw8m1PKgHj"}},{"frame":0.8620689655172413,"value":{"__uuid__":"25+Qh50vhJQq4HeuYCxegP"}},{"frame":0.896551724137931,"value":{"__uuid__":"2clTOv639N+IMsS3w6TrbM"}},{"frame":0.9310344827586207,"value":{"__uuid__":"5aKSivdRlLPrZYwzmmF6o4"}},{"frame":0.9655172413793104,"value":{"__uuid__":"f0qavTWs5Kob613MWrGTkn"}},{"frame":1,"value":{"__uuid__":"61Leg3uE9F3ILdLRW6CMbT"}}]}}}},{"__type__":"cc.SpriteFrame","content":{"name":"cat_click_18","texture":"b54TmcsrtGW6tSjwAPk2EM","rect":[916,344,68,59],"offset":[0,1],"originalSize":[68,61]}}]