[{"__type__":"cc.SpriteFrame","content":{"name":"chicken_click_23","texture":"16tBAiSBBH1qACnzvI0+3n","rect":[662,2,66,66],"offset":[0,0],"originalSize":[66,66]}},{"__type__":"cc.SpriteFrame","content":{"name":"chicken_click_07","texture":"16tBAiSBBH1qACnzvI0+3n","rect":[2,2,66,64],"offset":[0,-1],"originalSize":[66,66]}},{"__type__":"cc.SpriteFrame","content":{"name":"chicken_click_15","texture":"16tBAiSBBH1qACnzvI0+3n","rect":[200,2,66,64],"offset":[0,-1],"originalSize":[66,66]}},{"__type__":"cc.SpriteFrame","content":{"name":"chicken_click_09","texture":"16tBAiSBBH1qACnzvI0+3n","rect":[68,2,66,64],"offset":[0,-1],"originalSize":[66,66]}},{"__type__":"cc.SpriteFrame","content":{"name":"chicken_click_26","texture":"16tBAiSBBH1qACnzvI0+3n","rect":[662,2,66,66],"offset":[0,0],"originalSize":[66,66]}},{"__type__":"cc.SpriteFrame","content":{"name":"chicken_click_27","texture":"16tBAiSBBH1qACnzvI0+3n","rect":[662,2,66,66],"offset":[0,0],"originalSize":[66,66]}},{"__type__":"cc.SpriteFrame","content":{"name":"chicken_click_21","texture":"16tBAiSBBH1qACnzvI0+3n","rect":[596,2,66,66],"offset":[0,0],"originalSize":[66,66]}},{"__type__":"cc.SpriteFrame","content":{"name":"chicken_click_03","texture":"16tBAiSBBH1qACnzvI0+3n","rect":[662,2,66,66],"offset":[0,0],"originalSize":[66,66]}},{"__type__":"cc.SpriteFrame","content":{"name":"chicken_click_01","texture":"16tBAiSBBH1qACnzvI0+3n","rect":[662,2,66,66],"offset":[0,0],"originalSize":[66,66]}},{"__type__":"cc.SpriteFrame","content":{"name":"chicken_click_24","texture":"16tBAiSBBH1qACnzvI0+3n","rect":[662,2,66,66],"offset":[0,0],"originalSize":[66,66]}},{"__type__":"cc.SpriteFrame","content":{"name":"chicken_click_00","texture":"16tBAiSBBH1qACnzvI0+3n","rect":[662,2,66,66],"offset":[0,0],"originalSize":[66,66]}},{"__type__":"cc.SpriteFrame","content":{"name":"chicken_click_17","texture":"16tBAiSBBH1qACnzvI0+3n","rect":[68,2,66,64],"offset":[0,-1],"originalSize":[66,66]}},{"__type__":"cc.SpriteFrame","content":{"name":"chicken_click_25","texture":"16tBAiSBBH1qACnzvI0+3n","rect":[662,2,66,66],"offset":[0,0],"originalSize":[66,66]}},{"__type__":"cc.SpriteFrame","content":{"name":"chicken_click_28","texture":"16tBAiSBBH1qACnzvI0+3n","rect":[662,2,66,66],"offset":[0,0],"originalSize":[66,66]}},{"__type__":"cc.SpriteFrame","content":{"name":"chicken_click_18","texture":"16tBAiSBBH1qACnzvI0+3n","rect":[530,2,66,64],"offset":[0,-1],"originalSize":[66,66]}},{"__type__":"cc.SpriteFrame","content":{"name":"chicken_click_02","texture":"16tBAiSBBH1qACnzvI0+3n","rect":[662,2,66,66],"offset":[0,0],"originalSize":[66,66]}},{"__type__":"cc.SpriteFrame","content":{"name":"chicken_click_06","texture":"16tBAiSBBH1qACnzvI0+3n","rect":[662,2,66,66],"offset":[0,0],"originalSize":[66,66]}},{"__type__":"cc.SpriteFrame","content":{"name":"chicken_click_04","texture":"16tBAiSBBH1qACnzvI0+3n","rect":[662,2,66,66],"offset":[0,0],"originalSize":[66,66]}},{"__type__":"cc.SpriteFrame","content":{"name":"chicken_click_16","texture":"16tBAiSBBH1qACnzvI0+3n","rect":[134,2,66,64],"offset":[0,-1],"originalSize":[66,66]}},{"__type__":"cc.SpriteFrame","content":{"name":"chicken_click_10","texture":"16tBAiSBBH1qACnzvI0+3n","rect":[530,2,66,64],"offset":[0,-1],"originalSize":[66,66]}},{"__type__":"cc.SpriteFrame","content":{"name":"chicken_click_11","texture":"16tBAiSBBH1qACnzvI0+3n","rect":[464,2,66,64],"offset":[0,-1],"originalSize":[66,66]}},{"__type__":"cc.SpriteFrame","content":{"name":"chicken_click_05","texture":"16tBAiSBBH1qACnzvI0+3n","rect":[662,2,66,66],"offset":[0,0],"originalSize":[66,66]}},{"__type__":"cc.SpriteFrame","content":{"name":"chicken_click_22","texture":"16tBAiSBBH1qACnzvI0+3n","rect":[662,2,66,66],"offset":[0,0],"originalSize":[66,66]}},{"__type__":"cc.SpriteFrame","content":{"name":"chicken_click_29","texture":"16tBAiSBBH1qACnzvI0+3n","rect":[662,2,66,66],"offset":[0,0],"originalSize":[66,66]}},{"__type__":"cc.SpriteFrame","content":{"name":"chicken_click_13","texture":"16tBAiSBBH1qACnzvI0+3n","rect":[332,2,66,64],"offset":[0,-1],"originalSize":[66,66]}},{"__type__":"cc.SpriteFrame","content":{"name":"chicken_click_20","texture":"16tBAiSBBH1qACnzvI0+3n","rect":[398,2,66,64],"offset":[0,-1],"originalSize":[66,66]}},{"__type__":"cc.SpriteFrame","content":{"name":"chicken_click_19","texture":"16tBAiSBBH1qACnzvI0+3n","rect":[464,2,66,64],"offset":[0,-1],"originalSize":[66,66]}},{"__type__":"cc.SpriteFrame","content":{"name":"chicken_click_12","texture":"16tBAiSBBH1qACnzvI0+3n","rect":[398,2,66,64],"offset":[0,-1],"originalSize":[66,66]}},{"__type__":"cc.SpriteFrame","content":{"name":"chicken_click_08","texture":"16tBAiSBBH1qACnzvI0+3n","rect":[134,2,66,64],"offset":[0,-1],"originalSize":[66,66]}},{"__type__":"cc.AnimationClip","_name":"click","_duration":1.0344827586206897,"sample":29,"wrapMode":2,"curveData":{"comps":{"cc.Sprite":{"spriteFrame":[{"frame":0,"value":{"__uuid__":"61Db9YhcZJZYt1pPjhzeYq"}},{"frame":0.034482758620689655,"value":{"__uuid__":"38tobUFd5GMqN5uTdX4hcp"}},{"frame":0.06896551724137931,"value":{"__uuid__":"79YitZKxdL14cSag9bRDaD"}},{"frame":0.10344827586206896,"value":{"__uuid__":"34cpdwO2NLE5jYKlUR/nbc"}},{"frame":0.13793103448275862,"value":{"__uuid__":"923mHlsQdELoKR4Oq9Y7Cu"}},{"frame":0.1724137931034483,"value":{"__uuid__":"aeCTQGHTNNo4ike5dlFMev"}},{"frame":0.20689655172413793,"value":{"__uuid__":"8bErebO25FGadm4FUZkz1B"}},{"frame":0.2413793103448276,"value":{"__uuid__":"06vtUa5TFHkJIMl44SUUqw"}},{"frame":0.27586206896551724,"value":{"__uuid__":"f3SQZmIkRPOqs1188JtpFE"}},{"frame":0.3103448275862069,"value":{"__uuid__":"1a4i+33yBOnaqoWn1fWNPK"}},{"frame":0.3448275862068966,"value":{"__uuid__":"a1CJ+kFS5FhpqcE1ynZTcZ"}},{"frame":0.3793103448275862,"value":{"__uuid__":"a1DXLmfYFPT6HrwkWFK0/o"}},{"frame":0.41379310344827586,"value":{"__uuid__":"e5KzBVXcxPIIVTQx4+zbqf"}},{"frame":0.4482758620689655,"value":{"__uuid__":"ca3wR19qFKvaDcIhM3K9Di"}},{"frame":0.4827586206896552,"value":{"__uuid__":"fbgLSzp0JCt6ZfqW5Osx4D"}},{"frame":0.5172413793103449,"value":{"__uuid__":"105GKMfdJP1qxAu91s6+Yv"}},{"frame":0.5517241379310345,"value":{"__uuid__":"9aHrbK52VFyZYhJw7MDYfR"}},{"frame":0.5862068965517241,"value":{"__uuid__":"64e17OjIVL8ru9aFSpF4H8"}},{"frame":0.6206896551724138,"value":{"__uuid__":"73SEpDZmVNdaU8Wbcha82p"}},{"frame":0.6551724137931034,"value":{"__uuid__":"d1ze9g7TZBMKLDQ010vkMS"}},{"frame":0.6896551724137931,"value":{"__uuid__":"cd8O4I5mtPEaVllxK+YVCd"}},{"frame":0.7241379310344828,"value":{"__uuid__":"26XP1mVipDybFz2rj0cCmR"}},{"frame":0.7586206896551724,"value":{"__uuid__":"c1RYysMD5B3b6taxYYP8/k"}},{"frame":0.7931034482758621,"value":{"__uuid__":"05D8ag//dN3a+ij52XCh7u"}},{"frame":0.8275862068965517,"value":{"__uuid__":"4bhytYri1Du4t1r6M25lJZ"}},{"frame":0.8620689655172413,"value":{"__uuid__":"665q8Y8x9FnLkLW7ngVtpT"}},{"frame":0.896551724137931,"value":{"__uuid__":"1be3CvlkFOJa9hNBfowOBz"}},{"frame":0.9310344827586207,"value":{"__uuid__":"20QWiB1ddEdqOFEQImj2ll"}},{"frame":0.9655172413793104,"value":{"__uuid__":"69ymz/HXRNr4QkJsGZ466c"}},{"frame":1,"value":{"__uuid__":"c3Q+/ZM6lLca7Kfvk5baB8"}}]}}}},{"__type__":"cc.SpriteFrame","content":{"name":"chicken_click_14","texture":"16tBAiSBBH1qACnzvI0+3n","rect":[266,2,66,64],"offset":[0,-1],"originalSize":[66,66]}}]