[{"__type__":"cc.SpriteFrame","content":{"name":"chicken_line_10","texture":"16tBAiSBBH1qACnzvI0+3n","rect":[711,377,78,79],"offset":[0,0],"originalSize":[78,79],"rotated":1}},{"__type__":"cc.SpriteFrame","content":{"name":"chicken_wrap_18","texture":"16tBAiSBBH1qACnzvI0+3n","rect":[2,288,76,77],"offset":[0,0],"originalSize":[78,81],"rotated":1}},{"__type__":"cc.SpriteFrame","content":{"name":"chicken_wrap_02","texture":"16tBAiSBBH1qACnzvI0+3n","rect":[519,66,74,73],"offset":[0,0],"originalSize":[78,81]}},{"__type__":"cc.SpriteFrame","content":{"name":"chicken_wrap_48","texture":"16tBAiSBBH1qACnzvI0+3n","rect":[728,2,72,71],"offset":[0,0],"originalSize":[78,81]}},{"__type__":"cc.SpriteFrame","content":{"name":"chicken_line_06","texture":"16tBAiSBBH1qACnzvI0+3n","rect":[472,376,78,79],"offset":[0,0],"originalSize":[78,79],"rotated":1}},{"__type__":"cc.SpriteFrame","content":{"name":"chicken_click_23","texture":"16tBAiSBBH1qACnzvI0+3n","rect":[662,2,66,66],"offset":[0,0],"originalSize":[66,66]}},{"__type__":"cc.SpriteFrame","content":{"name":"chicken_column_10","texture":"16tBAiSBBH1qACnzvI0+3n","rect":[156,365,77,79],"offset":[0,0],"originalSize":[79,81],"rotated":1}},{"__type__":"cc.SpriteFrame","content":{"name":"chicken_click_07","texture":"16tBAiSBBH1qACnzvI0+3n","rect":[2,2,66,64],"offset":[0,-1],"originalSize":[66,66]}},{"__type__":"cc.SpriteFrame","content":{"name":"chicken_line_19","texture":"16tBAiSBBH1qACnzvI0+3n","rect":[800,2,72,73],"offset":[-1,0],"originalSize":[78,79]}},{"__type__":"cc.SpriteFrame","content":{"name":"chicken_wrap_15","texture":"16tBAiSBBH1qACnzvI0+3n","rect":[630,377,78,81],"offset":[0,0],"originalSize":[78,81],"rotated":1}},{"__type__":"cc.SpriteFrame","content":{"name":"chicken_column_22","texture":"16tBAiSBBH1qACnzvI0+3n","rect":[150,66,73,73],"offset":[0,0],"originalSize":[79,81]}},{"__type__":"cc.SpriteFrame","content":{"name":"chicken_click_15","texture":"16tBAiSBBH1qACnzvI0+3n","rect":[200,2,66,64],"offset":[0,-1],"originalSize":[66,66]}},{"__type__":"cc.SpriteFrame","content":{"name":"chicken_wrap_29","texture":"16tBAiSBBH1qACnzvI0+3n","rect":[235,365,78,79],"offset":[0,0],"originalSize":[78,81],"rotated":1}},{"__type__":"cc.SpriteFrame","content":{"name":"chicken_wrap_06","texture":"16tBAiSBBH1qACnzvI0+3n","rect":[77,213,76,75],"offset":[-1,0],"originalSize":[78,81]}},{"__type__":"cc.SpriteFrame","content":{"name":"chicken_wrap_27","texture":"16tBAiSBBH1qACnzvI0+3n","rect":[630,377,78,81],"offset":[0,0],"originalSize":[78,81],"rotated":1}},{"__type__":"cc.SpriteFrame","content":{"name":"chicken_wrap_30","texture":"16tBAiSBBH1qACnzvI0+3n","rect":[2,288,76,77],"offset":[0,0],"originalSize":[78,81],"rotated":1}},{"__type__":"cc.SpriteFrame","content":{"name":"chicken_wrap_45","texture":"16tBAiSBBH1qACnzvI0+3n","rect":[77,139,74,75],"offset":[0,1],"originalSize":[78,81],"rotated":1}},{"__type__":"cc.SpriteFrame","content":{"name":"chicken_line_03","texture":"16tBAiSBBH1qACnzvI0+3n","rect":[551,376,78,79],"offset":[0,0],"originalSize":[78,79],"rotated":1}},{"__type__":"cc.SpriteFrame","content":{"name":"chicken_click_09","texture":"16tBAiSBBH1qACnzvI0+3n","rect":[68,2,66,64],"offset":[0,-1],"originalSize":[66,66]}},{"__type__":"cc.SpriteFrame","content":{"name":"chicken_line_11","texture":"16tBAiSBBH1qACnzvI0+3n","rect":[541,300,76,77],"offset":[0,0],"originalSize":[78,79],"rotated":1}},{"__type__":"cc.SpriteFrame","content":{"name":"chicken_click_26","texture":"16tBAiSBBH1qACnzvI0+3n","rect":[662,2,66,66],"offset":[0,0],"originalSize":[66,66]}},{"__type__":"cc.SpriteFrame","content":{"name":"chicken_wrap_28","texture":"16tBAiSBBH1qACnzvI0+3n","rect":[314,367,78,79],"offset":[0,0],"originalSize":[78,81],"rotated":1}},{"__type__":"cc.SpriteFrame","content":{"name":"chicken_click_27","texture":"16tBAiSBBH1qACnzvI0+3n","rect":[662,2,66,66],"offset":[0,0],"originalSize":[66,66]}},{"__type__":"cc.SpriteFrame","content":{"name":"chicken_wrap_12","texture":"16tBAiSBBH1qACnzvI0+3n","rect":[79,288,76,77],"offset":[0,0],"originalSize":[78,81],"rotated":1}},{"__type__":"cc.SpriteFrame","content":{"name":"chicken_wrap_09","texture":"16tBAiSBBH1qACnzvI0+3n","rect":[764,224,76,77],"offset":[0,0],"originalSize":[78,81],"rotated":1}},{"__type__":"cc.SpriteFrame","content":{"name":"chicken_click_21","texture":"16tBAiSBBH1qACnzvI0+3n","rect":[596,2,66,66],"offset":[0,0],"originalSize":[66,66]}},{"__type__":"cc.SpriteFrame","content":{"name":"chicken_wrap_23","texture":"16tBAiSBBH1qACnzvI0+3n","rect":[156,288,76,77],"offset":[0,0],"originalSize":[78,81],"rotated":1}},{"__type__":"cc.SpriteFrame","content":{"name":"chicken_wrap_40","texture":"16tBAiSBBH1qACnzvI0+3n","rect":[687,224,76,77],"offset":[0,0],"originalSize":[78,81],"rotated":1}},{"__type__":"cc.SpriteFrame","content":{"name":"chicken_line_01","texture":"16tBAiSBBH1qACnzvI0+3n","rect":[618,300,76,77],"offset":[0,0],"originalSize":[78,79],"rotated":1}},{"__type__":"cc.SpriteFrame","content":{"name":"chicken_line_23","texture":"16tBAiSBBH1qACnzvI0+3n","rect":[800,2,72,73],"offset":[-1,0],"originalSize":[78,79]}},{"__type__":"cc.SpriteFrame","content":{"name":"chicken_wrap_44","texture":"16tBAiSBBH1qACnzvI0+3n","rect":[741,75,74,75],"offset":[0,0],"originalSize":[78,81],"rotated":1}},{"__type__":"cc.SpriteFrame","content":{"name":"chicken_click_03","texture":"16tBAiSBBH1qACnzvI0+3n","rect":[662,2,66,66],"offset":[0,0],"originalSize":[66,66]}},{"__type__":"cc.SpriteFrame","content":{"name":"chicken_column_28","texture":"16tBAiSBBH1qACnzvI0+3n","rect":[756,149,75,75],"offset":[0,0],"originalSize":[79,81]}},{"__type__":"cc.SpriteFrame","content":{"name":"chicken_column_24","texture":"16tBAiSBBH1qACnzvI0+3n","rect":[150,66,73,73],"offset":[0,0],"originalSize":[79,81]}},{"__type__":"cc.SpriteFrame","content":{"name":"chicken_wrap_26","texture":"16tBAiSBBH1qACnzvI0+3n","rect":[314,367,78,79],"offset":[0,0],"originalSize":[78,81],"rotated":1}},{"__type__":"cc.SpriteFrame","content":{"name":"chicken_click_01","texture":"16tBAiSBBH1qACnzvI0+3n","rect":[662,2,66,66],"offset":[0,0],"originalSize":[66,66]}},{"__type__":"cc.SpriteFrame","content":{"name":"chicken_line_13","texture":"16tBAiSBBH1qACnzvI0+3n","rect":[387,291,76,77],"offset":[0,0],"originalSize":[78,79],"rotated":1}},{"__type__":"cc.SpriteFrame","content":{"name":"chicken_column_13","texture":"16tBAiSBBH1qACnzvI0+3n","rect":[452,139,75,77],"offset":[0,0],"originalSize":[79,81],"rotated":1}},{"__type__":"cc.SpriteFrame","content":{"name":"chicken_wrap_04","texture":"16tBAiSBBH1qACnzvI0+3n","rect":[2,139,74,75],"offset":[0,0],"originalSize":[78,81],"rotated":1}},{"__type__":"cc.SpriteFrame","content":{"name":"chicken_wrap_39","texture":"16tBAiSBBH1qACnzvI0+3n","rect":[630,377,78,81],"offset":[0,0],"originalSize":[78,81],"rotated":1}},{"__type__":"cc.SpriteFrame","content":{"name":"chicken_line_07","texture":"16tBAiSBBH1qACnzvI0+3n","rect":[472,376,78,79],"offset":[0,0],"originalSize":[78,79],"rotated":1}},{"__type__":"cc.SpriteFrame","content":{"name":"chicken_line_22","texture":"16tBAiSBBH1qACnzvI0+3n","rect":[800,2,72,73],"offset":[-1,0],"originalSize":[78,79]}},{"__type__":"cc.SpriteFrame","content":{"name":"chicken_wrap_37","texture":"16tBAiSBBH1qACnzvI0+3n","rect":[393,373,78,79],"offset":[0,0],"originalSize":[78,81],"rotated":1}},{"__type__":"cc.SpriteFrame","content":{"name":"chicken_column_26","texture":"16tBAiSBBH1qACnzvI0+3n","rect":[2,66,73,75],"offset":[0,0],"originalSize":[79,81],"rotated":1}},{"__type__":"cc.SpriteFrame","content":{"name":"chicken_click_24","texture":"16tBAiSBBH1qACnzvI0+3n","rect":[662,2,66,66],"offset":[0,0],"originalSize":[66,66]}},{"__type__":"cc.SpriteFrame","content":{"name":"chicken_wrap_47","texture":"16tBAiSBBH1qACnzvI0+3n","rect":[371,66,74,73],"offset":[-1,0],"originalSize":[78,81]}},{"__type__":"cc.SpriteFrame","content":{"name":"chicken_wrap_11","texture":"16tBAiSBBH1qACnzvI0+3n","rect":[156,288,76,77],"offset":[0,0],"originalSize":[78,81],"rotated":1}},{"__type__":"cc.SpriteFrame","content":{"name":"chicken_line_12","texture":"16tBAiSBBH1qACnzvI0+3n","rect":[464,297,76,77],"offset":[0,0],"originalSize":[78,79],"rotated":1}},{"__type__":"cc.SpriteFrame","content":{"name":"chicken_wrap_05","texture":"16tBAiSBBH1qACnzvI0+3n","rect":[153,213,76,75],"offset":[-1,0],"originalSize":[78,81]}},{"__type__":"cc.SpriteFrame","content":{"name":"chicken_line_20","texture":"16tBAiSBBH1qACnzvI0+3n","rect":[800,2,72,73],"offset":[-1,0],"originalSize":[78,79]}},{"__type__":"cc.SpriteAtlas","_name":"chicken.plist","_spriteFrames":{"chicken_click_00":{"__uuid__":"61Db9YhcZJZYt1pPjhzeYq"},"chicken_click_01":{"__uuid__":"38tobUFd5GMqN5uTdX4hcp"},"chicken_click_10":{"__uuid__":"a1CJ+kFS5FhpqcE1ynZTcZ"},"chicken_click_11":{"__uuid__":"a1DXLmfYFPT6HrwkWFK0/o"},"chicken_click_12":{"__uuid__":"e5KzBVXcxPIIVTQx4+zbqf"},"chicken_click_13":{"__uuid__":"ca3wR19qFKvaDcIhM3K9Di"},"chicken_click_14":{"__uuid__":"fbgLSzp0JCt6ZfqW5Osx4D"},"chicken_click_15":{"__uuid__":"105GKMfdJP1qxAu91s6+Yv"},"chicken_click_16":{"__uuid__":"9aHrbK52VFyZYhJw7MDYfR"},"chicken_click_17":{"__uuid__":"64e17OjIVL8ru9aFSpF4H8"},"chicken_click_18":{"__uuid__":"73SEpDZmVNdaU8Wbcha82p"},"chicken_click_19":{"__uuid__":"d1ze9g7TZBMKLDQ010vkMS"},"chicken_click_02":{"__uuid__":"79YitZKxdL14cSag9bRDaD"},"chicken_click_20":{"__uuid__":"cd8O4I5mtPEaVllxK+YVCd"},"chicken_click_21":{"__uuid__":"26XP1mVipDybFz2rj0cCmR"},"chicken_click_22":{"__uuid__":"c1RYysMD5B3b6taxYYP8/k"},"chicken_click_23":{"__uuid__":"05D8ag//dN3a+ij52XCh7u"},"chicken_click_24":{"__uuid__":"4bhytYri1Du4t1r6M25lJZ"},"chicken_click_25":{"__uuid__":"665q8Y8x9FnLkLW7ngVtpT"},"chicken_click_26":{"__uuid__":"1be3CvlkFOJa9hNBfowOBz"},"chicken_click_27":{"__uuid__":"20QWiB1ddEdqOFEQImj2ll"},"chicken_click_28":{"__uuid__":"69ymz/HXRNr4QkJsGZ466c"},"chicken_click_29":{"__uuid__":"c3Q+/ZM6lLca7Kfvk5baB8"},"chicken_click_03":{"__uuid__":"34cpdwO2NLE5jYKlUR/nbc"},"chicken_click_04":{"__uuid__":"923mHlsQdELoKR4Oq9Y7Cu"},"chicken_click_05":{"__uuid__":"aeCTQGHTNNo4ike5dlFMev"},"chicken_click_06":{"__uuid__":"8bErebO25FGadm4FUZkz1B"},"chicken_click_07":{"__uuid__":"06vtUa5TFHkJIMl44SUUqw"},"chicken_click_08":{"__uuid__":"f3SQZmIkRPOqs1188JtpFE"},"chicken_click_09":{"__uuid__":"1a4i+33yBOnaqoWn1fWNPK"},"chicken_column_00":{"__uuid__":"f4lzccODVM27+rHF9BVu1m"},"chicken_column_01":{"__uuid__":"cbaE7DbfRF877tsj70s19l"},"chicken_column_10":{"__uuid__":"05NRs0J8NFeLrv16psvs4v"},"chicken_column_11":{"__uuid__":"adm75D0nBKFI/pmVTpyjqD"},"chicken_column_12":{"__uuid__":"daKZNNaCJOXIy5TTC8JpdP"},"chicken_column_13":{"__uuid__":"3axcom+Y1ASreeKaBqTSgg"},"chicken_column_14":{"__uuid__":"a3XMJaMC5J8ZYq3MTLCShx"},"chicken_column_15":{"__uuid__":"e6VEdP2SxMIqADhxLa8ln7"},"chicken_column_16":{"__uuid__":"68CnDWBABHB6N8896CuPnY"},"chicken_column_17":{"__uuid__":"8eeklIfbRPA6v396WUCl39"},"chicken_column_18":{"__uuid__":"85s7GzLRBLH5ffyhgqO6Mm"},"chicken_column_19":{"__uuid__":"d7vbOiTilPHbuItCpBVHbM"},"chicken_column_02":{"__uuid__":"b3Gk0fVSVDvZ83ClTE+Tej"},"chicken_column_20":{"__uuid__":"99rOyfmgBABZz5NDBTuB3e"},"chicken_column_21":{"__uuid__":"d8O4iK+dlM7qa2YotqlZyu"},"chicken_column_22":{"__uuid__":"10fFOw54dDcan4Pi+PbKxn"},"chicken_column_23":{"__uuid__":"d1vo/E2jJMmLIM8q/PAyKM"},"chicken_column_24":{"__uuid__":"37S5plKKVFoKbZ8Qgpt9Vy"},"chicken_column_25":{"__uuid__":"66h70QqzZKerFbUMPgsyOe"},"chicken_column_26":{"__uuid__":"486UDkh89GFoXomLzLZ6L5"},"chicken_column_27":{"__uuid__":"69OePksClFfp25z/bAIyww"},"chicken_column_28":{"__uuid__":"352nkl2mJCJKfQBbB2Yfv4"},"chicken_column_03":{"__uuid__":"86gL3jcQRE/IAz66izgP5Q"},"chicken_column_04":{"__uuid__":"69Uo1UtqhAnI+IOTnNWlPI"},"chicken_column_05":{"__uuid__":"bb7kvo9XdDjp2ODOrusVy3"},"chicken_column_06":{"__uuid__":"e2IGAH8slAzJEaRqGH1H1l"},"chicken_column_07":{"__uuid__":"b1/3n2qCJBx6LIww2QmFpN"},"chicken_column_08":{"__uuid__":"fe2dD9cUdP3r+3PiRVuUuJ"},"chicken_column_09":{"__uuid__":"d7WyvVNl5CprvFsPY8ABWZ"},"chicken_line_00":{"__uuid__":"767jhy0XxORK8iPqZ6RxZA"},"chicken_line_01":{"__uuid__":"2eIr81tPtIhIW0uwd/tXzC"},"chicken_line_10":{"__uuid__":"00EI7qOLNP9am8SjbUxtR8"},"chicken_line_11":{"__uuid__":"1bA9S6mQZAnZ+6fwRQZpqT"},"chicken_line_12":{"__uuid__":"55TSCI4k9M9K3hni0vYILP"},"chicken_line_13":{"__uuid__":"39b5xvTN5Pe4wGJ1k/7k0e"},"chicken_line_14":{"__uuid__":"dc++OFTt1P4JXFQNlzPXIH"},"chicken_line_15":{"__uuid__":"a2fhzkn2VJPZZlt9kQ1sjh"},"chicken_line_16":{"__uuid__":"a7rY/O+f1G4YNxNFAcsW+K"},"chicken_line_17":{"__uuid__":"aeL3SMVG9NVIKhY3Dyg8g/"},"chicken_line_18":{"__uuid__":"d9U49HBBVI5a570+B5tiJK"},"chicken_line_19":{"__uuid__":"0cSCheld1Jv7CUUxTlCFfY"},"chicken_line_02":{"__uuid__":"e6poInFmRAHbCXiEM3rE6H"},"chicken_line_20":{"__uuid__":"58wV7i959OJITLp6Pw98+s"},"chicken_line_21":{"__uuid__":"a38fdas81FM5PLIeiqBWea"},"chicken_line_22":{"__uuid__":"40rcRySSxGxrrPJs3UZItZ"},"chicken_line_23":{"__uuid__":"2ekv5tyrxL752lg5Gwauvc"},"chicken_line_24":{"__uuid__":"99nvuOe+9K+IAlKwOxeQp4"},"chicken_line_25":{"__uuid__":"cfT4m94rxLv5vJSgX6twEF"},"chicken_line_26":{"__uuid__":"c8MUgNozlPkZXGJ9cLTD1c"},"chicken_line_27":{"__uuid__":"c0m9hlxHFIiq05lSBKt41c"},"chicken_line_28":{"__uuid__":"efAwW6GFlLB7PlCUnvut4r"},"chicken_line_03":{"__uuid__":"197BS54xVA76tjyd5UaRmJ"},"chicken_line_04":{"__uuid__":"eakeVLeGpEOovSGb0P9XZ8"},"chicken_line_05":{"__uuid__":"6ccLrUBu1Aj67YYEkQ7pAb"},"chicken_line_06":{"__uuid__":"04xn6VKBNNrafku0YdIB3Q"},"chicken_line_07":{"__uuid__":"3dsg7v7/pM5LFX4CVn8zeO"},"chicken_line_08":{"__uuid__":"75z44YCNhPsr/JoH4Lrb39"},"chicken_line_09":{"__uuid__":"7bT5C0uetB7ZGepdZua78y"},"chicken_wrap_00":{"__uuid__":"afd3EwUjpHBbVU+pCEDML4"},"chicken_wrap_01":{"__uuid__":"71nXAgrFdLx5uAWasPKGKR"},"chicken_wrap_10":{"__uuid__":"ee2eZZreVMOZiu6pE/Tdvt"},"chicken_wrap_11":{"__uuid__":"548la2z/NKNIIElDKpzxIP"},"chicken_wrap_12":{"__uuid__":"24uphDFJlC0IS0bEVyntZE"},"chicken_wrap_13":{"__uuid__":"d3tbxlnk5Kkb/h7NRH7MWs"},"chicken_wrap_14":{"__uuid__":"73gDlH+sFJk7+ZsIm56f9/"},"chicken_wrap_15":{"__uuid__":"0ciElZi2pLgJ9Kz+dcZN2d"},"chicken_wrap_16":{"__uuid__":"ceMX/ePiBIPZfSvjAcOiC+"},"chicken_wrap_17":{"__uuid__":"70kf3dwghK6pNBv2RzJD3Z"},"chicken_wrap_18":{"__uuid__":"000uMQGh9M/Zz8QhibXRx5"},"chicken_wrap_19":{"__uuid__":"e95/tXMv9N074UICo/Zcx1"},"chicken_wrap_02":{"__uuid__":"01qHV9tWlOi4DWVXhpkqZS"},"chicken_wrap_20":{"__uuid__":"67bcoad5lC7rgP5NLVS3BD"},"chicken_wrap_21":{"__uuid__":"dbFpRbMP9A1KmvKRFgINS4"},"chicken_wrap_22":{"__uuid__":"79c9c8puNNA509pSgCwzvs"},"chicken_wrap_23":{"__uuid__":"262aaw46BP3qkRMBzT/R9p"},"chicken_wrap_24":{"__uuid__":"abymWLTzBMH5CZIch5Y+IU"},"chicken_wrap_25":{"__uuid__":"d36kuZK8dJ7qFaacD68hR2"},"chicken_wrap_26":{"__uuid__":"38Oa/xoVpF8rGoP3rrp5HD"},"chicken_wrap_27":{"__uuid__":"15SSPn1i9B5YgKXZF1fP1D"},"chicken_wrap_28":{"__uuid__":"1bvdj4UzpKap8pDfGvcLL0"},"chicken_wrap_29":{"__uuid__":"11Sxk0+1xDObwaonpiqnKi"},"chicken_wrap_03":{"__uuid__":"68IBzjvH1K2ovmE4P0M8g0"},"chicken_wrap_30":{"__uuid__":"17UrJLT49NyLfabtkj6rXL"},"chicken_wrap_31":{"__uuid__":"5ciBBAUvJPD7TrFzGVvz5L"},"chicken_wrap_32":{"__uuid__":"5d7ZeZmZxAYZoPKVQjSiGW"},"chicken_wrap_33":{"__uuid__":"e2sI4HA6ZMC4LT3PgWcDRD"},"chicken_wrap_34":{"__uuid__":"b08OvOTgRIQrVzScUGBG8r"},"chicken_wrap_35":{"__uuid__":"b8b9NRadVJ1qJkG/RfSAFc"},"chicken_wrap_36":{"__uuid__":"f8UJf+DllGFKdFBwUDqv0R"},"chicken_wrap_37":{"__uuid__":"47EbzbNfZGjJSM56IdEpKI"},"chicken_wrap_38":{"__uuid__":"5deKphu5xK6om5Xj6qRTfw"},"chicken_wrap_39":{"__uuid__":"3dUGzYjfRBh5sOCJA3GaWe"},"chicken_wrap_04":{"__uuid__":"3dIJ9Im0ZPbY8muaMIHWf8"},"chicken_wrap_40":{"__uuid__":"2cYUwkNHhPDaQ3jmu1/luG"},"chicken_wrap_41":{"__uuid__":"e5ACjLGaxN34ALFHzmfpve"},"chicken_wrap_42":{"__uuid__":"b3X4STNxRBHIYpgoh38wtC"},"chicken_wrap_43":{"__uuid__":"e7NmHYGw5OXKpqeFoNSDM6"},"chicken_wrap_44":{"__uuid__":"2e0ACT6jNPyIxhkkEBKL8/"},"chicken_wrap_45":{"__uuid__":"18YkPFEwdFvJ6qDZIB4Aav"},"chicken_wrap_46":{"__uuid__":"aecQeBZbVOF5xb5LXpB+Um"},"chicken_wrap_47":{"__uuid__":"4b5PECNfhNGL7TQnt6gFI/"},"chicken_wrap_48":{"__uuid__":"03ft4MwVRK8aW+aY1H4iVJ"},"chicken_wrap_05":{"__uuid__":"58rv+zo/dARrVGKYsLrr/J"},"chicken_wrap_06":{"__uuid__":"12WS7/GtFDfoBsJd7b+EIx"},"chicken_wrap_07":{"__uuid__":"b7KoffBAlPnrKorByHxNkz"},"chicken_wrap_08":{"__uuid__":"e54QKZNk5CU4j4KNB6YXb7"},"chicken_wrap_09":{"__uuid__":"25L1BZv8FEU4XkJQqeJKG2"}}},{"__type__":"cc.SpriteFrame","content":{"name":"chicken_wrap_31","texture":"16tBAiSBBH1qACnzvI0+3n","rect":[156,288,76,77],"offset":[0,0],"originalSize":[78,81],"rotated":1}},{"__type__":"cc.SpriteFrame","content":{"name":"chicken_wrap_38","texture":"16tBAiSBBH1qACnzvI0+3n","rect":[314,367,78,79],"offset":[0,0],"originalSize":[78,81],"rotated":1}},{"__type__":"cc.SpriteFrame","content":{"name":"chicken_wrap_32","texture":"16tBAiSBBH1qACnzvI0+3n","rect":[233,289,76,77],"offset":[0,0],"originalSize":[78,81],"rotated":1}},{"__type__":"cc.SpriteFrame","content":{"name":"chicken_click_00","texture":"16tBAiSBBH1qACnzvI0+3n","rect":[662,2,66,66],"offset":[0,0],"originalSize":[66,66]}},{"__type__":"cc.SpriteFrame","content":{"name":"chicken_click_17","texture":"16tBAiSBBH1qACnzvI0+3n","rect":[68,2,66,64],"offset":[0,-1],"originalSize":[66,66]}},{"__type__":"cc.SpriteFrame","content":{"name":"chicken_column_25","texture":"16tBAiSBBH1qACnzvI0+3n","rect":[77,66,73,73],"offset":[0,0],"originalSize":[79,81]}},{"__type__":"cc.SpriteFrame","content":{"name":"chicken_click_25","texture":"16tBAiSBBH1qACnzvI0+3n","rect":[662,2,66,66],"offset":[0,0],"originalSize":[66,66]}},{"__type__":"cc.SpriteFrame","content":{"name":"chicken_wrap_20","texture":"16tBAiSBBH1qACnzvI0+3n","rect":[233,289,76,77],"offset":[0,0],"originalSize":[78,81],"rotated":1}},{"__type__":"cc.SpriteFrame","content":{"name":"chicken_column_16","texture":"16tBAiSBBH1qACnzvI0+3n","rect":[606,146,75,75],"offset":[0,0],"originalSize":[79,81]}},{"__type__":"cc.SpriteFrame","content":{"name":"chicken_wrap_03","texture":"16tBAiSBBH1qACnzvI0+3n","rect":[77,139,74,75],"offset":[0,1],"originalSize":[78,81],"rotated":1}},{"__type__":"cc.SpriteFrame","content":{"name":"chicken_column_27","texture":"16tBAiSBBH1qACnzvI0+3n","rect":[377,139,75,75],"offset":[0,0],"originalSize":[79,81]}},{"__type__":"cc.SpriteFrame","content":{"name":"chicken_column_04","texture":"16tBAiSBBH1qACnzvI0+3n","rect":[790,377,79,81],"offset":[0,0],"originalSize":[79,81],"rotated":1}},{"__type__":"cc.SpriteFrame","content":{"name":"chicken_click_28","texture":"16tBAiSBBH1qACnzvI0+3n","rect":[662,2,66,66],"offset":[0,0],"originalSize":[66,66]}},{"__type__":"cc.SpriteFrame","content":{"name":"chicken_line_05","texture":"16tBAiSBBH1qACnzvI0+3n","rect":[472,376,78,79],"offset":[0,0],"originalSize":[78,79],"rotated":1}},{"__type__":"cc.SpriteFrame","content":{"name":"chicken_wrap_17","texture":"16tBAiSBBH1qACnzvI0+3n","rect":[235,365,78,79],"offset":[0,0],"originalSize":[78,81],"rotated":1}},{"__type__":"cc.SpriteFrame","content":{"name":"chicken_wrap_01","texture":"16tBAiSBBH1qACnzvI0+3n","rect":[593,68,74,73],"offset":[-1,0],"originalSize":[78,81]}},{"__type__":"cc.SpriteFrame","content":{"name":"chicken_click_18","texture":"16tBAiSBBH1qACnzvI0+3n","rect":[530,2,66,64],"offset":[0,-1],"originalSize":[66,66]}},{"__type__":"cc.SpriteFrame","content":{"name":"chicken_wrap_14","texture":"16tBAiSBBH1qACnzvI0+3n","rect":[314,367,78,79],"offset":[0,0],"originalSize":[78,81],"rotated":1}},{"__type__":"cc.SpriteFrame","content":{"name":"chicken_line_08","texture":"16tBAiSBBH1qACnzvI0+3n","rect":[472,376,78,79],"offset":[0,0],"originalSize":[78,79],"rotated":1}},{"__type__":"cc.SpriteFrame","content":{"name":"chicken_line_00","texture":"16tBAiSBBH1qACnzvI0+3n","rect":[457,216,76,75],"offset":[-1,0],"originalSize":[78,79]}},{"__type__":"cc.SpriteFrame","content":{"name":"chicken_click_02","texture":"16tBAiSBBH1qACnzvI0+3n","rect":[662,2,66,66],"offset":[0,0],"originalSize":[66,66]}},{"__type__":"cc.SpriteFrame","content":{"name":"chicken_wrap_22","texture":"16tBAiSBBH1qACnzvI0+3n","rect":[233,289,76,77],"offset":[0,0],"originalSize":[78,81],"rotated":1}},{"__type__":"cc.SpriteFrame","content":{"name":"chicken_line_09","texture":"16tBAiSBBH1qACnzvI0+3n","rect":[472,376,78,79],"offset":[0,0],"originalSize":[78,79],"rotated":1}},{"__type__":"cc.SpriteFrame","content":{"name":"chicken_column_18","texture":"16tBAiSBBH1qACnzvI0+3n","rect":[223,66,73,73],"offset":[0,0],"originalSize":[79,81]}},{"__type__":"cc.SpriteFrame","content":{"name":"chicken_column_03","texture":"16tBAiSBBH1qACnzvI0+3n","rect":[772,300,77,79],"offset":[0,0],"originalSize":[79,81],"rotated":1}},{"__type__":"cc.SpriteFrame","content":{"name":"chicken_click_06","texture":"16tBAiSBBH1qACnzvI0+3n","rect":[662,2,66,66],"offset":[0,0],"originalSize":[66,66]}},{"__type__":"cc.SpriteFrame","content":{"name":"chicken_column_17","texture":"16tBAiSBBH1qACnzvI0+3n","rect":[296,66,73,75],"offset":[0,0],"originalSize":[79,81],"rotated":1}},{"__type__":"cc.SpriteFrame","content":{"name":"chicken_click_04","texture":"16tBAiSBBH1qACnzvI0+3n","rect":[662,2,66,66],"offset":[0,0],"originalSize":[66,66]}},{"__type__":"cc.SpriteFrame","content":{"name":"chicken_line_24","texture":"16tBAiSBBH1qACnzvI0+3n","rect":[800,2,72,73],"offset":[-1,0],"originalSize":[78,79]}},{"__type__":"cc.SpriteFrame","content":{"name":"chicken_column_20","texture":"16tBAiSBBH1qACnzvI0+3n","rect":[150,66,73,73],"offset":[0,0],"originalSize":[79,81]}},{"__type__":"cc.SpriteFrame","content":{"name":"chicken_click_16","texture":"16tBAiSBBH1qACnzvI0+3n","rect":[134,2,66,64],"offset":[0,-1],"originalSize":[66,66]}},{"__type__":"cc.SpriteFrame","content":{"name":"chicken_click_10","texture":"16tBAiSBBH1qACnzvI0+3n","rect":[530,2,66,64],"offset":[0,-1],"originalSize":[66,66]}},{"__type__":"cc.SpriteFrame","content":{"name":"chicken_click_11","texture":"16tBAiSBBH1qACnzvI0+3n","rect":[464,2,66,64],"offset":[0,-1],"originalSize":[66,66]}},{"__type__":"cc.SpriteFrame","content":{"name":"chicken_line_15","texture":"16tBAiSBBH1qACnzvI0+3n","rect":[381,214,76,75],"offset":[-1,0],"originalSize":[78,79]}},{"__type__":"cc.SpriteFrame","content":{"name":"chicken_column_14","texture":"16tBAiSBBH1qACnzvI0+3n","rect":[756,149,75,75],"offset":[0,0],"originalSize":[79,81]}},{"__type__":"cc.SpriteFrame","content":{"name":"chicken_line_21","texture":"16tBAiSBBH1qACnzvI0+3n","rect":[800,2,72,73],"offset":[-1,0],"originalSize":[78,79]}},{"__type__":"cc.SpriteFrame","content":{"name":"chicken_line_16","texture":"16tBAiSBBH1qACnzvI0+3n","rect":[305,214,76,75],"offset":[-1,0],"originalSize":[78,79]}},{"__type__":"cc.SpriteFrame","content":{"name":"chicken_wrap_24","texture":"16tBAiSBBH1qACnzvI0+3n","rect":[79,288,76,77],"offset":[0,0],"originalSize":[78,81],"rotated":1}},{"__type__":"cc.SpriteFrame","content":{"name":"chicken_column_11","texture":"16tBAiSBBH1qACnzvI0+3n","rect":[2,364,77,77],"offset":[0,0],"originalSize":[79,81]}},{"__type__":"cc.SpriteFrame","content":{"name":"chicken_click_05","texture":"16tBAiSBBH1qACnzvI0+3n","rect":[662,2,66,66],"offset":[0,0],"originalSize":[66,66]}},{"__type__":"cc.SpriteFrame","content":{"name":"chicken_line_17","texture":"16tBAiSBBH1qACnzvI0+3n","rect":[302,139,74,75],"offset":[-1,0],"originalSize":[78,79],"rotated":1}},{"__type__":"cc.SpriteFrame","content":{"name":"chicken_wrap_46","texture":"16tBAiSBBH1qACnzvI0+3n","rect":[445,66,74,73],"offset":[0,0],"originalSize":[78,81]}},{"__type__":"cc.SpriteFrame","content":{"name":"chicken_wrap_00","texture":"16tBAiSBBH1qACnzvI0+3n","rect":[728,2,72,71],"offset":[0,0],"originalSize":[78,81]}},{"__type__":"cc.SpriteFrame","content":{"name":"chicken_wrap_34","texture":"16tBAiSBBH1qACnzvI0+3n","rect":[233,289,76,77],"offset":[0,0],"originalSize":[78,81],"rotated":1}},{"__type__":"cc.SpriteFrame","content":{"name":"chicken_column_07","texture":"16tBAiSBBH1qACnzvI0+3n","rect":[790,377,79,81],"offset":[0,0],"originalSize":[79,81],"rotated":1}},{"__type__":"cc.SpriteFrame","content":{"name":"chicken_column_02","texture":"16tBAiSBBH1qACnzvI0+3n","rect":[695,300,77,77],"offset":[0,0],"originalSize":[79,81]}},{"__type__":"cc.SpriteFrame","content":{"name":"chicken_wrap_42","texture":"16tBAiSBBH1qACnzvI0+3n","rect":[533,221,76,77],"offset":[-1,1],"originalSize":[78,81],"rotated":1}},{"__type__":"cc.SpriteFrame","content":{"name":"chicken_wrap_07","texture":"16tBAiSBBH1qACnzvI0+3n","rect":[610,224,76,77],"offset":[-1,1],"originalSize":[78,81],"rotated":1}},{"__type__":"cc.SpriteFrame","content":{"name":"chicken_wrap_35","texture":"16tBAiSBBH1qACnzvI0+3n","rect":[156,288,76,77],"offset":[0,0],"originalSize":[78,81],"rotated":1}},{"__type__":"cc.SpriteFrame","content":{"name":"chicken_column_05","texture":"16tBAiSBBH1qACnzvI0+3n","rect":[790,377,79,81],"offset":[0,0],"originalSize":[79,81],"rotated":1}},{"__type__":"cc.SpriteFrame","content":{"name":"chicken_line_27","texture":"16tBAiSBBH1qACnzvI0+3n","rect":[229,213,76,75],"offset":[-1,0],"originalSize":[78,79]}},{"__type__":"cc.SpriteFrame","content":{"name":"chicken_click_22","texture":"16tBAiSBBH1qACnzvI0+3n","rect":[662,2,66,66],"offset":[0,0],"originalSize":[66,66]}},{"__type__":"cc.SpriteFrame","content":{"name":"chicken_click_29","texture":"16tBAiSBBH1qACnzvI0+3n","rect":[662,2,66,66],"offset":[0,0],"originalSize":[66,66]}},{"__type__":"cc.SpriteFrame","content":{"name":"chicken_line_26","texture":"16tBAiSBBH1qACnzvI0+3n","rect":[152,139,74,75],"offset":[-1,0],"originalSize":[78,79],"rotated":1}},{"__type__":"cc.SpriteFrame","content":{"name":"chicken_click_13","texture":"16tBAiSBBH1qACnzvI0+3n","rect":[332,2,66,64],"offset":[0,-1],"originalSize":[66,66]}},{"__type__":"cc.SpriteFrame","content":{"name":"chicken_column_01","texture":"16tBAiSBBH1qACnzvI0+3n","rect":[79,364,77,77],"offset":[0,0],"originalSize":[79,81]}},{"__type__":"cc.SpriteFrame","content":{"name":"chicken_click_20","texture":"16tBAiSBBH1qACnzvI0+3n","rect":[398,2,66,64],"offset":[0,-1],"originalSize":[66,66]}},{"__type__":"cc.SpriteFrame","content":{"name":"chicken_wrap_16","texture":"16tBAiSBBH1qACnzvI0+3n","rect":[314,367,78,79],"offset":[0,0],"originalSize":[78,81],"rotated":1}},{"__type__":"cc.SpriteFrame","content":{"name":"chicken_line_25","texture":"16tBAiSBBH1qACnzvI0+3n","rect":[667,73,74,73],"offset":[-1,0],"originalSize":[78,79]}},{"__type__":"cc.SpriteFrame","content":{"name":"chicken_column_23","texture":"16tBAiSBBH1qACnzvI0+3n","rect":[150,66,73,73],"offset":[0,0],"originalSize":[79,81]}},{"__type__":"cc.SpriteFrame","content":{"name":"chicken_click_19","texture":"16tBAiSBBH1qACnzvI0+3n","rect":[464,2,66,64],"offset":[0,-1],"originalSize":[66,66]}},{"__type__":"cc.SpriteFrame","content":{"name":"chicken_wrap_13","texture":"16tBAiSBBH1qACnzvI0+3n","rect":[393,373,78,79],"offset":[0,0],"originalSize":[78,81],"rotated":1}},{"__type__":"cc.SpriteFrame","content":{"name":"chicken_wrap_25","texture":"16tBAiSBBH1qACnzvI0+3n","rect":[393,373,78,79],"offset":[0,0],"originalSize":[78,81],"rotated":1}},{"__type__":"cc.SpriteFrame","content":{"name":"chicken_column_09","texture":"16tBAiSBBH1qACnzvI0+3n","rect":[790,377,79,81],"offset":[0,0],"originalSize":[79,81],"rotated":1}},{"__type__":"cc.SpriteFrame","content":{"name":"chicken_column_19","texture":"16tBAiSBBH1qACnzvI0+3n","rect":[150,66,73,73],"offset":[0,0],"originalSize":[79,81]}},{"__type__":"cc.SpriteFrame","content":{"name":"chicken_column_21","texture":"16tBAiSBBH1qACnzvI0+3n","rect":[150,66,73,73],"offset":[0,0],"originalSize":[79,81]}},{"__type__":"cc.SpriteFrame","content":{"name":"chicken_line_18","texture":"16tBAiSBBH1qACnzvI0+3n","rect":[227,139,74,75],"offset":[-1,1],"originalSize":[78,79],"rotated":1}},{"__type__":"cc.SpriteFrame","content":{"name":"chicken_column_12","texture":"16tBAiSBBH1qACnzvI0+3n","rect":[529,141,75,77],"offset":[0,0],"originalSize":[79,81],"rotated":1}},{"__type__":"cc.SpriteFrame","content":{"name":"chicken_wrap_21","texture":"16tBAiSBBH1qACnzvI0+3n","rect":[764,224,76,77],"offset":[0,0],"originalSize":[78,81],"rotated":1}},{"__type__":"cc.SpriteFrame","content":{"name":"chicken_line_14","texture":"16tBAiSBBH1qACnzvI0+3n","rect":[457,216,76,75],"offset":[-1,0],"originalSize":[78,79]}},{"__type__":"cc.SpriteFrame","content":{"name":"chicken_column_06","texture":"16tBAiSBBH1qACnzvI0+3n","rect":[790,377,79,81],"offset":[0,0],"originalSize":[79,81],"rotated":1}},{"__type__":"cc.SpriteFrame","content":{"name":"chicken_wrap_33","texture":"16tBAiSBBH1qACnzvI0+3n","rect":[764,224,76,77],"offset":[0,0],"originalSize":[78,81],"rotated":1}},{"__type__":"cc.SpriteFrame","content":{"name":"chicken_wrap_41","texture":"16tBAiSBBH1qACnzvI0+3n","rect":[610,224,76,77],"offset":[-1,1],"originalSize":[78,81],"rotated":1}},{"__type__":"cc.SpriteFrame","content":{"name":"chicken_click_12","texture":"16tBAiSBBH1qACnzvI0+3n","rect":[398,2,66,64],"offset":[0,-1],"originalSize":[66,66]}},{"__type__":"cc.SpriteFrame","content":{"name":"chicken_wrap_08","texture":"16tBAiSBBH1qACnzvI0+3n","rect":[687,224,76,77],"offset":[0,0],"originalSize":[78,81],"rotated":1}},{"__type__":"cc.SpriteFrame","content":{"name":"chicken_column_15","texture":"16tBAiSBBH1qACnzvI0+3n","rect":[681,149,75,75],"offset":[0,0],"originalSize":[79,81]}},{"__type__":"cc.SpriteFrame","content":{"name":"chicken_line_02","texture":"16tBAiSBBH1qACnzvI0+3n","rect":[310,289,76,77],"offset":[0,0],"originalSize":[78,79],"rotated":1}},{"__type__":"cc.SpriteFrame","content":{"name":"chicken_wrap_43","texture":"16tBAiSBBH1qACnzvI0+3n","rect":[153,213,76,75],"offset":[-1,0],"originalSize":[78,81]}},{"__type__":"cc.SpriteFrame","content":{"name":"chicken_wrap_19","texture":"16tBAiSBBH1qACnzvI0+3n","rect":[156,288,76,77],"offset":[0,0],"originalSize":[78,81],"rotated":1}},{"__type__":"cc.SpriteFrame","content":{"name":"chicken_line_04","texture":"16tBAiSBBH1qACnzvI0+3n","rect":[472,376,78,79],"offset":[0,0],"originalSize":[78,79],"rotated":1}},{"__type__":"cc.SpriteFrame","content":{"name":"chicken_wrap_10","texture":"16tBAiSBBH1qACnzvI0+3n","rect":[233,289,76,77],"offset":[0,0],"originalSize":[78,81],"rotated":1}},{"__type__":"cc.SpriteFrame","content":{"name":"chicken_line_28","texture":"16tBAiSBBH1qACnzvI0+3n","rect":[457,216,76,75],"offset":[-1,0],"originalSize":[78,79]}},{"__type__":"cc.SpriteFrame","content":{"name":"chicken_click_08","texture":"16tBAiSBBH1qACnzvI0+3n","rect":[134,2,66,64],"offset":[0,-1],"originalSize":[66,66]}},{"__type__":"cc.SpriteFrame","content":{"name":"chicken_column_00","texture":"16tBAiSBBH1qACnzvI0+3n","rect":[2,213,75,75],"offset":[0,0],"originalSize":[79,81]}},{"__type__":"cc.SpriteFrame","content":{"name":"chicken_wrap_36","texture":"16tBAiSBBH1qACnzvI0+3n","rect":[79,288,76,77],"offset":[0,0],"originalSize":[78,81],"rotated":1}},{"__type__":"cc.SpriteFrame","content":{"name":"chicken_click_14","texture":"16tBAiSBBH1qACnzvI0+3n","rect":[266,2,66,64],"offset":[0,-1],"originalSize":[66,66]}},{"__type__":"cc.SpriteFrame","content":{"name":"chicken_column_08","texture":"16tBAiSBBH1qACnzvI0+3n","rect":[790,377,79,81],"offset":[0,0],"originalSize":[79,81],"rotated":1}}]