[[{"__type__":"cc.Prefab","_name":"bear","data":{"__id__":1},"asyncLoadAssets":null},{"__type__":"cc.Node","_name":"bear","_components":[{"__type__":"cc.Sprite","node":{"__id__":1},"_spriteFrame":{"__uuid__":"88jxPQyshDB64IDmtd0pMB"}},{"__type__":"cc.Animation","node":{"__id__":1},"_clips":[{"__uuid__":"62fahX8TlPmqBR9HDi7mmp"}]},{"__type__":"3506cwncXdOv5bjx5SM+2Xq","node":{"__id__":1}}],"_prefab":{"__type__":"cc.PrefabInfo","root":{"__id__":1},"asset":{"__uuid__":"1fYNmej/FEqpq4CvUsbQnR"},"fileId":"cbzkPVg+1Gqoz4GqGJJfE0"},"_contentSize":{"__type__":"cc.Size","width":70,"height":69}}],{"__type__":"cc.SpriteFrame","content":{"name":"bear_click_00","texture":"9dPjoifAlG2JSIoQ5KzPjn","rect":[648,71,70,69],"offset":[0,0],"originalSize":[70,69]}}]