[{"__type__":"cc.SpriteFrame","content":{"name":"bear_click_14","texture":"9dPjoifAlG2JSIoQ5KzPjn","rect":[718,71,70,69],"offset":[0,0],"originalSize":[70,69]}},{"__type__":"cc.SpriteFrame","content":{"name":"bear_click_19","texture":"9dPjoifAlG2JSIoQ5KzPjn","rect":[718,71,70,69],"offset":[0,0],"originalSize":[70,69]}},{"__type__":"cc.SpriteFrame","content":{"name":"bear_click_27","texture":"9dPjoifAlG2JSIoQ5KzPjn","rect":[298,71,70,69],"offset":[0,0],"originalSize":[70,69]}},{"__type__":"cc.SpriteFrame","content":{"name":"bear_click_21","texture":"9dPjoifAlG2JSIoQ5KzPjn","rect":[578,71,70,69],"offset":[0,0],"originalSize":[70,69]}},{"__type__":"cc.SpriteFrame","content":{"name":"bear_click_09","texture":"9dPjoifAlG2JSIoQ5KzPjn","rect":[450,2,70,69],"offset":[0,0],"originalSize":[70,69]}},{"__type__":"cc.SpriteFrame","content":{"name":"bear_click_03","texture":"9dPjoifAlG2JSIoQ5KzPjn","rect":[298,71,70,69],"offset":[0,0],"originalSize":[70,69]}},{"__type__":"cc.AnimationClip","_name":"click","_duration":1.0344827586206897,"sample":29,"wrapMode":2,"curveData":{"comps":{"cc.Sprite":{"spriteFrame":[{"frame":0,"value":{"__uuid__":"f5+58mDyVArZSZooPx2vkh"}},{"frame":0.034482758620689655,"value":{"__uuid__":"64w+c3+KpEG6wW/ywWtsoE"}},{"frame":0.06896551724137931,"value":{"__uuid__":"1eVt3uok9AQKZ1zxLYXMsq"}},{"frame":0.10344827586206896,"value":{"__uuid__":"9e8+fUc1JAk6W6iasPV0Y1"}},{"frame":0.13793103448275862,"value":{"__uuid__":"80Io2W8r1CX5evAZpb9Vzc"}},{"frame":0.1724137931034483,"value":{"__uuid__":"e0GOhTZrJMzYJ1L23CznfX"}},{"frame":0.20689655172413793,"value":{"__uuid__":"91z8XBIW9Kork6Qjqdvigi"}},{"frame":0.2413793103448276,"value":{"__uuid__":"67kyMqTMFEbabBC/gBbmqM"}},{"frame":0.27586206896551724,"value":{"__uuid__":"39ebqEMBBAl7jNd5A/HcO/"}},{"frame":0.3103448275862069,"value":{"__uuid__":"c5UE0r55VFspb+oTf8iUCl"}},{"frame":0.3448275862068966,"value":{"__uuid__":"1dHQXQxy1Ej53+a/TkN8Zd"}},{"frame":0.3793103448275862,"value":{"__uuid__":"84v+Eqq9NPm5JQpEhHRdTS"}},{"frame":0.41379310344827586,"value":{"__uuid__":"e8/AfbjbNBI6HtlqowgQZO"}},{"frame":0.4482758620689655,"value":{"__uuid__":"6bV2MKN6ZISZhEVG3hbId9"}},{"frame":0.4827586206896552,"value":{"__uuid__":"f8YUvtlilJZYQm1ARZb5jD"}},{"frame":0.5172413793103449,"value":{"__uuid__":"00wWPfkAhDubFwQvo6vJJN"}},{"frame":0.5517241379310345,"value":{"__uuid__":"f54sqguLNAKqgKnnd4soT9"}},{"frame":0.5862068965517241,"value":{"__uuid__":"e4OOzVEj9K97Ux2qqMBMLH"}},{"frame":0.6206896551724138,"value":{"__uuid__":"e5SpMSDbpE1K6HxGTtlg4B"}},{"frame":0.6551724137931034,"value":{"__uuid__":"64/KJAh/5G8KTijtpPHsJw"}},{"frame":0.6896551724137931,"value":{"__uuid__":"46UD+uUIhOXrHqhheHON/O"}},{"frame":0.7241379310344828,"value":{"__uuid__":"7dprNwgaJL6oErnz5xjvKq"}},{"frame":0.7586206896551724,"value":{"__uuid__":"daewonW7VMiahFmq4E0S5M"}},{"frame":0.7931034482758621,"value":{"__uuid__":"d050anOkpH5p4yRPvAXvzY"}},{"frame":0.8275862068965517,"value":{"__uuid__":"a92rlWnN9AIasGd5Z6mXqv"}},{"frame":0.8620689655172413,"value":{"__uuid__":"9fOwz7t+JAXbcT1YFjsjUo"}},{"frame":0.896551724137931,"value":{"__uuid__":"4d8ej5CV5IBLL42TtIQGTG"}},{"frame":0.9310344827586207,"value":{"__uuid__":"7bo8AX2N5Hzr77uMkLVwBM"}},{"frame":0.9655172413793104,"value":{"__uuid__":"9cdnVdEH1KiqmTfeHYX3Br"}},{"frame":1,"value":{"__uuid__":"88jxPQyshDB64IDmtd0pMB"}}]}}}},{"__type__":"cc.SpriteFrame","content":{"name":"bear_click_28","texture":"9dPjoifAlG2JSIoQ5KzPjn","rect":[298,71,70,69],"offset":[0,0],"originalSize":[70,69]}},{"__type__":"cc.SpriteFrame","content":{"name":"bear_click_10","texture":"9dPjoifAlG2JSIoQ5KzPjn","rect":[788,71,70,69],"offset":[0,0],"originalSize":[70,69]}},{"__type__":"cc.SpriteFrame","content":{"name":"bear_click_22","texture":"9dPjoifAlG2JSIoQ5KzPjn","rect":[228,71,70,69],"offset":[0,0],"originalSize":[70,69]}},{"__type__":"cc.SpriteFrame","content":{"name":"bear_click_16","texture":"9dPjoifAlG2JSIoQ5KzPjn","rect":[718,71,70,69],"offset":[0,0],"originalSize":[70,69]}},{"__type__":"cc.SpriteFrame","content":{"name":"bear_click_02","texture":"9dPjoifAlG2JSIoQ5KzPjn","rect":[648,71,70,69],"offset":[0,0],"originalSize":[70,69]}},{"__type__":"cc.SpriteFrame","content":{"name":"bear_click_08","texture":"9dPjoifAlG2JSIoQ5KzPjn","rect":[718,71,70,69],"offset":[0,0],"originalSize":[70,69]}},{"__type__":"cc.SpriteFrame","content":{"name":"bear_click_25","texture":"9dPjoifAlG2JSIoQ5KzPjn","rect":[438,71,70,69],"offset":[0,0],"originalSize":[70,69]}},{"__type__":"cc.SpriteFrame","content":{"name":"bear_click_18","texture":"9dPjoifAlG2JSIoQ5KzPjn","rect":[718,71,70,69],"offset":[0,0],"originalSize":[70,69]}},{"__type__":"cc.SpriteFrame","content":{"name":"bear_click_00","texture":"9dPjoifAlG2JSIoQ5KzPjn","rect":[648,71,70,69],"offset":[0,0],"originalSize":[70,69]}},{"__type__":"cc.SpriteFrame","content":{"name":"bear_click_23","texture":"9dPjoifAlG2JSIoQ5KzPjn","rect":[368,71,70,69],"offset":[0,0],"originalSize":[70,69]}},{"__type__":"cc.SpriteFrame","content":{"name":"bear_click_01","texture":"9dPjoifAlG2JSIoQ5KzPjn","rect":[648,71,70,69],"offset":[0,0],"originalSize":[70,69]}},{"__type__":"cc.SpriteFrame","content":{"name":"bear_click_26","texture":"9dPjoifAlG2JSIoQ5KzPjn","rect":[298,71,70,69],"offset":[0,0],"originalSize":[70,69]}},{"__type__":"cc.SpriteFrame","content":{"name":"bear_click_04","texture":"9dPjoifAlG2JSIoQ5KzPjn","rect":[212,140,70,69],"offset":[0,0],"originalSize":[70,69]}},{"__type__":"cc.SpriteFrame","content":{"name":"bear_click_05","texture":"9dPjoifAlG2JSIoQ5KzPjn","rect":[282,140,70,69],"offset":[0,0],"originalSize":[70,69]}},{"__type__":"cc.SpriteFrame","content":{"name":"bear_click_20","texture":"9dPjoifAlG2JSIoQ5KzPjn","rect":[718,71,70,69],"offset":[0,0],"originalSize":[70,69]}},{"__type__":"cc.SpriteFrame","content":{"name":"bear_click_06","texture":"9dPjoifAlG2JSIoQ5KzPjn","rect":[142,140,70,69],"offset":[0,0],"originalSize":[70,69]}},{"__type__":"cc.SpriteFrame","content":{"name":"bear_click_07","texture":"9dPjoifAlG2JSIoQ5KzPjn","rect":[744,2,70,69],"offset":[0,0],"originalSize":[70,69]}},{"__type__":"cc.SpriteFrame","content":{"name":"bear_click_24","texture":"9dPjoifAlG2JSIoQ5KzPjn","rect":[508,71,70,69],"offset":[0,0],"originalSize":[70,69]}},{"__type__":"cc.SpriteFrame","content":{"name":"bear_click_12","texture":"9dPjoifAlG2JSIoQ5KzPjn","rect":[858,71,70,69],"offset":[0,0],"originalSize":[70,69]}},{"__type__":"cc.SpriteFrame","content":{"name":"bear_click_11","texture":"9dPjoifAlG2JSIoQ5KzPjn","rect":[72,140,70,69],"offset":[0,0],"originalSize":[70,69]}},{"__type__":"cc.SpriteFrame","content":{"name":"bear_click_17","texture":"9dPjoifAlG2JSIoQ5KzPjn","rect":[718,71,70,69],"offset":[0,0],"originalSize":[70,69]}},{"__type__":"cc.SpriteFrame","content":{"name":"bear_click_13","texture":"9dPjoifAlG2JSIoQ5KzPjn","rect":[2,140,70,69],"offset":[0,0],"originalSize":[70,69]}},{"__type__":"cc.SpriteFrame","content":{"name":"bear_click_29","texture":"9dPjoifAlG2JSIoQ5KzPjn","rect":[298,71,70,69],"offset":[0,0],"originalSize":[70,69]}},{"__type__":"cc.SpriteFrame","content":{"name":"bear_click_15","texture":"9dPjoifAlG2JSIoQ5KzPjn","rect":[718,71,70,69],"offset":[0,0],"originalSize":[70,69]}}]