[{"__type__":"cc.SpriteFrame","content":{"name":"cat_click_00","texture":"b54TmcsrtGW6tSjwAPk2EM","rect":[916,344,68,59],"offset":[0,1],"originalSize":[68,61]}},[{"__type__":"cc.Prefab","_name":"cat","data":{"__id__":1},"asyncLoadAssets":null},{"__type__":"cc.Node","_name":"cat","_components":[{"__type__":"cc.Sprite","node":{"__id__":1},"_spriteFrame":{"__uuid__":"29abzeXnxMfqw7Kw72GI26"}},{"__type__":"cc.Animation","node":{"__id__":1},"_clips":[{"__uuid__":"f4vNCTsphEYYUXlGn8vFWG"}]}],"_prefab":{"__type__":"cc.PrefabInfo","root":{"__id__":1},"asset":{"__id__":0},"fileId":"1fPO0R+htLn6dCMXwjc/mP"},"_contentSize":{"__type__":"cc.Size","width":68,"height":59}}]]