[[{"__type__":"cc.Prefab","_name":"fox","data":{"__id__":1},"asyncLoadAssets":null},{"__type__":"cc.Node","_name":"fox","_components":[{"__type__":"cc.Sprite","node":{"__id__":1},"_spriteFrame":{"__uuid__":"e1D+eFVhhNDaYoeILeu8iL"}},{"__type__":"cc.Animation","node":{"__id__":1},"_clips":[{"__uuid__":"2bnLnSSMhMkpA42Qpkudhv"}]}],"_prefab":{"__type__":"cc.PrefabInfo","root":{"__id__":1},"asset":{"__id__":0},"fileId":"27rvPqJl5EdYUCn2z1tnzQ"},"_contentSize":{"__type__":"cc.Size","width":68,"height":63}}],{"__type__":"cc.SpriteFrame","content":{"name":"fox_click_00","texture":"97nOgiU6dBUrIECXxa1iIv","rect":[410,955,68,63],"offset":[0,-2],"originalSize":[68,67]}}]