[{"__type__":"cc.SpriteFrame","content":{"name":"chicken_click_00","texture":"16tBAiSBBH1qACnzvI0+3n","rect":[662,2,66,66],"offset":[0,0],"originalSize":[66,66]}},[{"__type__":"cc.Prefab","_name":"chicken","data":{"__id__":1},"asyncLoadAssets":null},{"__type__":"cc.Node","_name":"chicken","_components":[{"__type__":"cc.Sprite","node":{"__id__":1},"_spriteFrame":{"__uuid__":"61Db9YhcZJZYt1pPjhzeYq"}},{"__type__":"cc.Animation","node":{"__id__":1},"_clips":[{"__uuid__":"f6jGrf3ydNGafwq7JH2aXe"}]}],"_prefab":{"__type__":"cc.PrefabInfo","root":{"__id__":1},"asset":{"__id__":0},"fileId":"cbUI+/QEJMjKWpqP6vRz7X"},"_contentSize":{"__type__":"cc.Size","width":66,"height":66}}]]