[{"__type__":"cc.SpriteFrame","content":{"name":"frog_click_02","texture":"5frAq8Sn5Mfa3iPAJWyFBr","rect":[808,138,70,69],"offset":[0,0],"originalSize":[70,69]}},{"__type__":"cc.SpriteFrame","content":{"name":"frog_line_09","texture":"5frAq8Sn5Mfa3iPAJWyFBr","rect":[164,347,82,72],"offset":[0,0],"originalSize":[82,72]}},{"__type__":"cc.SpriteFrame","content":{"name":"frog_column_00","texture":"5frAq8Sn5Mfa3iPAJWyFBr","rect":[80,138,80,68],"offset":[0,-1],"originalSize":[82,72]}},{"__type__":"cc.SpriteFrame","content":{"name":"frog_line_03","texture":"5frAq8Sn5Mfa3iPAJWyFBr","rect":[907,347,82,72],"offset":[0,0],"originalSize":[82,72]}},{"__type__":"cc.SpriteFrame","content":{"name":"frog_wrap_35","texture":"5frAq8Sn5Mfa3iPAJWyFBr","rect":[234,207,81,70],"offset":[0,0],"originalSize":[83,72]}},{"__type__":"cc.SpriteFrame","content":{"name":"frog_column_13","texture":"5frAq8Sn5Mfa3iPAJWyFBr","rect":[2,347,80,70],"offset":[0,0],"originalSize":[82,72]}},{"__type__":"cc.SpriteFrame","content":{"name":"frog_wrap_25","texture":"5frAq8Sn5Mfa3iPAJWyFBr","rect":[411,347,83,72],"offset":[0,0],"originalSize":[83,72]}},{"__type__":"cc.SpriteFrame","content":{"name":"frog_wrap_32","texture":"5frAq8Sn5Mfa3iPAJWyFBr","rect":[246,347,83,72],"offset":[0,0],"originalSize":[83,72]}},{"__type__":"cc.SpriteFrame","content":{"name":"frog_wrap_43","texture":"5frAq8Sn5Mfa3iPAJWyFBr","rect":[714,70,81,68],"offset":[0,0],"originalSize":[83,72]}},{"__type__":"cc.SpriteFrame","content":{"name":"frog_column_24","texture":"5frAq8Sn5Mfa3iPAJWyFBr","rect":[79,2,76,64],"offset":[0,0],"originalSize":[82,72]}},{"__type__":"cc.SpriteFrame","content":{"name":"frog_click_24","texture":"5frAq8Sn5Mfa3iPAJWyFBr","rect":[878,138,70,69],"offset":[0,0],"originalSize":[70,69]}},{"__type__":"cc.SpriteFrame","content":{"name":"frog_column_26","texture":"5frAq8Sn5Mfa3iPAJWyFBr","rect":[930,2,78,68],"offset":[0,0],"originalSize":[82,72]}},{"__type__":"cc.SpriteFrame","content":{"name":"frog_wrap_41","texture":"5frAq8Sn5Mfa3iPAJWyFBr","rect":[396,207,81,70],"offset":[0,0],"originalSize":[83,72]}},{"__type__":"cc.SpriteFrame","content":{"name":"frog_wrap_03","texture":"5frAq8Sn5Mfa3iPAJWyFBr","rect":[239,138,79,68],"offset":[0,0],"originalSize":[83,72]}},{"__type__":"cc.SpriteFrame","content":{"name":"frog_wrap_36","texture":"5frAq8Sn5Mfa3iPAJWyFBr","rect":[477,207,81,70],"offset":[0,0],"originalSize":[83,72]}},{"__type__":"cc.SpriteFrame","content":{"name":"frog_click_10","texture":"5frAq8Sn5Mfa3iPAJWyFBr","rect":[2,207,70,69],"offset":[0,0],"originalSize":[70,69]}},{"__type__":"cc.SpriteFrame","content":{"name":"frog_line_16","texture":"5frAq8Sn5Mfa3iPAJWyFBr","rect":[2,138,78,68],"offset":[0,0],"originalSize":[82,72]}},{"__type__":"cc.SpriteFrame","content":{"name":"frog_wrap_11","texture":"5frAq8Sn5Mfa3iPAJWyFBr","rect":[719,207,81,70],"offset":[0,0],"originalSize":[83,72]}},{"__type__":"cc.SpriteFrame","content":{"name":"frog_line_27","texture":"5frAq8Sn5Mfa3iPAJWyFBr","rect":[807,277,80,70],"offset":[0,1],"originalSize":[82,72]}},{"__type__":"cc.SpriteFrame","content":{"name":"frog_wrap_48","texture":"5frAq8Sn5Mfa3iPAJWyFBr","rect":[2,2,77,64],"offset":[0,0],"originalSize":[83,72]}},{"__type__":"cc.SpriteFrame","content":{"name":"frog_line_01","texture":"5frAq8Sn5Mfa3iPAJWyFBr","rect":[325,277,80,70],"offset":[0,1],"originalSize":[82,72]}},{"__type__":"cc.SpriteFrame","content":{"name":"frog_line_14","texture":"5frAq8Sn5Mfa3iPAJWyFBr","rect":[245,277,80,70],"offset":[0,1],"originalSize":[82,72]}},{"__type__":"cc.SpriteFrame","content":{"name":"frog_click_09","texture":"5frAq8Sn5Mfa3iPAJWyFBr","rect":[2,207,70,69],"offset":[0,0],"originalSize":[70,69]}},{"__type__":"cc.SpriteFrame","content":{"name":"frog_column_05","texture":"5frAq8Sn5Mfa3iPAJWyFBr","rect":[825,347,82,72],"offset":[0,0],"originalSize":[82,72]}},{"__type__":"cc.SpriteFrame","content":{"name":"frog_line_11","texture":"5frAq8Sn5Mfa3iPAJWyFBr","rect":[485,277,82,70],"offset":[0,0],"originalSize":[82,72]}},{"__type__":"cc.SpriteFrame","content":{"name":"frog_line_10","texture":"5frAq8Sn5Mfa3iPAJWyFBr","rect":[82,347,82,72],"offset":[0,0],"originalSize":[82,72]}},{"__type__":"cc.SpriteFrame","content":{"name":"frog_wrap_44","texture":"5frAq8Sn5Mfa3iPAJWyFBr","rect":[316,70,81,68],"offset":[0,0],"originalSize":[83,72]}},{"__type__":"cc.SpriteFrame","content":{"name":"frog_line_17","texture":"5frAq8Sn5Mfa3iPAJWyFBr","rect":[774,2,78,68],"offset":[0,1],"originalSize":[82,72]}},{"__type__":"cc.SpriteFrame","content":{"name":"frog_column_10","texture":"5frAq8Sn5Mfa3iPAJWyFBr","rect":[660,347,82,72],"offset":[0,0],"originalSize":[82,72]}},{"__type__":"cc.SpriteFrame","content":{"name":"frog_wrap_14","texture":"5frAq8Sn5Mfa3iPAJWyFBr","rect":[72,207,81,70],"offset":[0,0],"originalSize":[83,72]}},{"__type__":"cc.SpriteFrame","content":{"name":"frog_column_15","texture":"5frAq8Sn5Mfa3iPAJWyFBr","rect":[397,70,80,68],"offset":[0,-1],"originalSize":[82,72]}},{"__type__":"cc.SpriteFrame","content":{"name":"frog_wrap_15","texture":"5frAq8Sn5Mfa3iPAJWyFBr","rect":[800,207,81,70],"offset":[0,0],"originalSize":[83,72]}},{"__type__":"cc.SpriteFrame","content":{"name":"frog_click_19","texture":"5frAq8Sn5Mfa3iPAJWyFBr","rect":[2,207,70,69],"offset":[0,0],"originalSize":[70,69]}},{"__type__":"cc.SpriteFrame","content":{"name":"frog_wrap_37","texture":"5frAq8Sn5Mfa3iPAJWyFBr","rect":[315,207,81,70],"offset":[0,0],"originalSize":[83,72]}},{"__type__":"cc.SpriteFrame","content":{"name":"frog_wrap_19","texture":"5frAq8Sn5Mfa3iPAJWyFBr","rect":[234,207,81,70],"offset":[0,0],"originalSize":[83,72]}},{"__type__":"cc.SpriteFrame","content":{"name":"frog_column_02","texture":"5frAq8Sn5Mfa3iPAJWyFBr","rect":[727,277,80,70],"offset":[0,0],"originalSize":[82,72]}},{"__type__":"cc.SpriteFrame","content":{"name":"frog_click_13","texture":"5frAq8Sn5Mfa3iPAJWyFBr","rect":[2,207,70,69],"offset":[0,0],"originalSize":[70,69]}},{"__type__":"cc.SpriteFrame","content":{"name":"frog_line_13","texture":"5frAq8Sn5Mfa3iPAJWyFBr","rect":[567,277,80,70],"offset":[0,1],"originalSize":[82,72]}},{"__type__":"cc.SpriteFrame","content":{"name":"frog_click_27","texture":"5frAq8Sn5Mfa3iPAJWyFBr","rect":[738,138,70,69],"offset":[0,0],"originalSize":[70,69]}},{"__type__":"cc.SpriteFrame","content":{"name":"frog_click_14","texture":"5frAq8Sn5Mfa3iPAJWyFBr","rect":[2,207,70,69],"offset":[0,0],"originalSize":[70,69]}},{"__type__":"cc.SpriteFrame","content":{"name":"frog_wrap_20","texture":"5frAq8Sn5Mfa3iPAJWyFBr","rect":[477,207,81,70],"offset":[0,0],"originalSize":[83,72]}},{"__type__":"cc.SpriteFrame","content":{"name":"frog_line_23","texture":"5frAq8Sn5Mfa3iPAJWyFBr","rect":[621,2,76,66],"offset":[0,1],"originalSize":[82,72]}},{"__type__":"cc.SpriteFrame","content":{"name":"frog_click_17","texture":"5frAq8Sn5Mfa3iPAJWyFBr","rect":[2,207,70,69],"offset":[0,0],"originalSize":[70,69]}},{"__type__":"cc.SpriteFrame","content":{"name":"frog_wrap_39","texture":"5frAq8Sn5Mfa3iPAJWyFBr","rect":[577,347,83,72],"offset":[0,0],"originalSize":[83,72]}},{"__type__":"cc.SpriteFrame","content":{"name":"frog_column_06","texture":"5frAq8Sn5Mfa3iPAJWyFBr","rect":[825,347,82,72],"offset":[0,0],"originalSize":[82,72]}},{"__type__":"cc.SpriteFrame","content":{"name":"frog_wrap_16","texture":"5frAq8Sn5Mfa3iPAJWyFBr","rect":[246,347,83,72],"offset":[0,0],"originalSize":[83,72]}},{"__type__":"cc.SpriteFrame","content":{"name":"frog_wrap_00","texture":"5frAq8Sn5Mfa3iPAJWyFBr","rect":[2,2,77,64],"offset":[0,0],"originalSize":[83,72]}},{"__type__":"cc.SpriteFrame","content":{"name":"frog_click_25","texture":"5frAq8Sn5Mfa3iPAJWyFBr","rect":[738,138,70,69],"offset":[0,0],"originalSize":[70,69]}},{"__type__":"cc.SpriteFrame","content":{"name":"frog_click_20","texture":"5frAq8Sn5Mfa3iPAJWyFBr","rect":[2,207,70,69],"offset":[0,0],"originalSize":[70,69]}},{"__type__":"cc.SpriteFrame","content":{"name":"frog_line_24","texture":"5frAq8Sn5Mfa3iPAJWyFBr","rect":[621,2,76,66],"offset":[0,1],"originalSize":[82,72]}},{"__type__":"cc.SpriteFrame","content":{"name":"frog_click_22","texture":"5frAq8Sn5Mfa3iPAJWyFBr","rect":[388,138,70,69],"offset":[0,0],"originalSize":[70,69]}},{"__type__":"cc.SpriteFrame","content":{"name":"frog_wrap_42","texture":"5frAq8Sn5Mfa3iPAJWyFBr","rect":[873,70,81,68],"offset":[0,0],"originalSize":[83,72]}},{"__type__":"cc.SpriteFrame","content":{"name":"frog_click_05","texture":"5frAq8Sn5Mfa3iPAJWyFBr","rect":[598,138,70,69],"offset":[0,0],"originalSize":[70,69]}},{"__type__":"cc.SpriteFrame","content":{"name":"frog_column_11","texture":"5frAq8Sn5Mfa3iPAJWyFBr","rect":[881,207,80,70],"offset":[0,0],"originalSize":[82,72]}},{"__type__":"cc.SpriteFrame","content":{"name":"frog_wrap_47","texture":"5frAq8Sn5Mfa3iPAJWyFBr","rect":[697,2,77,66],"offset":[0,0],"originalSize":[83,72]}},{"__type__":"cc.SpriteFrame","content":{"name":"frog_column_29","texture":"5frAq8Sn5Mfa3iPAJWyFBr","rect":[155,2,77,65],"offset":[0,1],"originalSize":[83,71]}},{"__type__":"cc.SpriteFrame","content":{"name":"frog_column_12","texture":"5frAq8Sn5Mfa3iPAJWyFBr","rect":[887,277,80,70],"offset":[0,0],"originalSize":[82,72]}},{"__type__":"cc.SpriteFrame","content":{"name":"frog_column_21","texture":"5frAq8Sn5Mfa3iPAJWyFBr","rect":[79,2,76,64],"offset":[0,0],"originalSize":[82,72]}},{"__type__":"cc.SpriteFrame","content":{"name":"frog_column_27","texture":"5frAq8Sn5Mfa3iPAJWyFBr","rect":[158,70,80,68],"offset":[0,-1],"originalSize":[82,72]}},{"__type__":"cc.SpriteFrame","content":{"name":"frog_click_28","texture":"5frAq8Sn5Mfa3iPAJWyFBr","rect":[738,138,70,69],"offset":[0,0],"originalSize":[70,69]}},{"__type__":"cc.SpriteFrame","content":{"name":"frog_wrap_34","texture":"5frAq8Sn5Mfa3iPAJWyFBr","rect":[742,347,83,72],"offset":[0,0],"originalSize":[83,72]}},{"__type__":"cc.SpriteFrame","content":{"name":"frog_column_19","texture":"5frAq8Sn5Mfa3iPAJWyFBr","rect":[79,2,76,64],"offset":[0,0],"originalSize":[82,72]}},{"__type__":"cc.SpriteFrame","content":{"name":"frog_line_26","texture":"5frAq8Sn5Mfa3iPAJWyFBr","rect":[795,70,78,68],"offset":[0,0],"originalSize":[82,72]}},{"__type__":"cc.SpriteFrame","content":{"name":"frog_column_28","texture":"5frAq8Sn5Mfa3iPAJWyFBr","rect":[80,138,80,68],"offset":[0,-1],"originalSize":[82,72]}},{"__type__":"cc.SpriteFrame","content":{"name":"frog_line_15","texture":"5frAq8Sn5Mfa3iPAJWyFBr","rect":[405,277,80,70],"offset":[0,1],"originalSize":[82,72]}},{"__type__":"cc.SpriteFrame","content":{"name":"frog_click_03","texture":"5frAq8Sn5Mfa3iPAJWyFBr","rect":[598,138,70,69],"offset":[0,0],"originalSize":[70,69]}},{"__type__":"cc.SpriteFrame","content":{"name":"frog_column_08","texture":"5frAq8Sn5Mfa3iPAJWyFBr","rect":[825,347,82,72],"offset":[0,0],"originalSize":[82,72]}},{"__type__":"cc.SpriteFrame","content":{"name":"frog_column_16","texture":"5frAq8Sn5Mfa3iPAJWyFBr","rect":[80,70,78,68],"offset":[0,0],"originalSize":[82,72]}},{"__type__":"cc.SpriteFrame","content":{"name":"frog_click_04","texture":"5frAq8Sn5Mfa3iPAJWyFBr","rect":[598,138,70,69],"offset":[0,0],"originalSize":[70,69]}},{"__type__":"cc.SpriteFrame","content":{"name":"frog_click_23","texture":"5frAq8Sn5Mfa3iPAJWyFBr","rect":[668,138,70,69],"offset":[0,0],"originalSize":[70,69]}},{"__type__":"cc.SpriteFrame","content":{"name":"frog_click_15","texture":"5frAq8Sn5Mfa3iPAJWyFBr","rect":[2,207,70,69],"offset":[0,0],"originalSize":[70,69]}},{"__type__":"cc.SpriteFrame","content":{"name":"frog_line_04","texture":"5frAq8Sn5Mfa3iPAJWyFBr","rect":[329,347,82,72],"offset":[0,0],"originalSize":[82,72]}},{"__type__":"cc.SpriteFrame","content":{"name":"frog_column_09","texture":"5frAq8Sn5Mfa3iPAJWyFBr","rect":[825,347,82,72],"offset":[0,0],"originalSize":[82,72]}},{"__type__":"cc.SpriteFrame","content":{"name":"frog_column_01","texture":"5frAq8Sn5Mfa3iPAJWyFBr","rect":[639,207,80,70],"offset":[0,0],"originalSize":[82,72]}},{"__type__":"cc.SpriteFrame","content":{"name":"frog_click_18","texture":"5frAq8Sn5Mfa3iPAJWyFBr","rect":[2,207,70,69],"offset":[0,0],"originalSize":[70,69]}},{"__type__":"cc.SpriteFrame","content":{"name":"frog_wrap_46","texture":"5frAq8Sn5Mfa3iPAJWyFBr","rect":[542,2,79,66],"offset":[0,0],"originalSize":[83,72]}},{"__type__":"cc.SpriteFrame","content":{"name":"frog_wrap_29","texture":"5frAq8Sn5Mfa3iPAJWyFBr","rect":[315,207,81,70],"offset":[0,0],"originalSize":[83,72]}},{"__type__":"cc.SpriteFrame","content":{"name":"frog_line_28","texture":"5frAq8Sn5Mfa3iPAJWyFBr","rect":[245,277,80,70],"offset":[0,1],"originalSize":[82,72]}},{"__type__":"cc.SpriteFrame","content":{"name":"frog_line_06","texture":"5frAq8Sn5Mfa3iPAJWyFBr","rect":[329,347,82,72],"offset":[0,0],"originalSize":[82,72]}},{"__type__":"cc.SpriteFrame","content":{"name":"frog_line_08","texture":"5frAq8Sn5Mfa3iPAJWyFBr","rect":[329,347,82,72],"offset":[0,0],"originalSize":[82,72]}},{"__type__":"cc.SpriteFrame","content":{"name":"frog_line_22","texture":"5frAq8Sn5Mfa3iPAJWyFBr","rect":[621,2,76,66],"offset":[0,1],"originalSize":[82,72]}},{"__type__":"cc.SpriteFrame","content":{"name":"frog_wrap_30","texture":"5frAq8Sn5Mfa3iPAJWyFBr","rect":[72,207,81,70],"offset":[0,0],"originalSize":[83,72]}},{"__type__":"cc.SpriteFrame","content":{"name":"frog_column_22","texture":"5frAq8Sn5Mfa3iPAJWyFBr","rect":[79,2,76,64],"offset":[0,0],"originalSize":[82,72]}},{"__type__":"cc.SpriteFrame","content":{"name":"frog_click_01","texture":"5frAq8Sn5Mfa3iPAJWyFBr","rect":[878,138,70,69],"offset":[0,0],"originalSize":[70,69]}},{"__type__":"cc.SpriteFrame","content":{"name":"frog_click_00","texture":"5frAq8Sn5Mfa3iPAJWyFBr","rect":[318,138,70,69],"offset":[0,0],"originalSize":[70,69]}},{"__type__":"cc.SpriteFrame","content":{"name":"frog_wrap_07","texture":"5frAq8Sn5Mfa3iPAJWyFBr","rect":[558,207,81,70],"offset":[0,0],"originalSize":[83,72]}},{"__type__":"cc.SpriteFrame","content":{"name":"frog_click_21","texture":"5frAq8Sn5Mfa3iPAJWyFBr","rect":[2,207,70,69],"offset":[0,0],"originalSize":[70,69]}},{"__type__":"cc.SpriteFrame","content":{"name":"frog_click_29","texture":"5frAq8Sn5Mfa3iPAJWyFBr","rect":[738,138,70,69],"offset":[0,0],"originalSize":[70,69]}},{"__type__":"cc.SpriteFrame","content":{"name":"frog_wrap_22","texture":"5frAq8Sn5Mfa3iPAJWyFBr","rect":[72,207,81,70],"offset":[0,0],"originalSize":[83,72]}},{"__type__":"cc.SpriteFrame","content":{"name":"frog_column_20","texture":"5frAq8Sn5Mfa3iPAJWyFBr","rect":[79,2,76,64],"offset":[0,0],"originalSize":[82,72]}},{"__type__":"cc.SpriteFrame","content":{"name":"frog_column_14","texture":"5frAq8Sn5Mfa3iPAJWyFBr","rect":[80,138,80,68],"offset":[0,-1],"originalSize":[82,72]}},{"__type__":"cc.SpriteFrame","content":{"name":"frog_line_20","texture":"5frAq8Sn5Mfa3iPAJWyFBr","rect":[621,2,76,66],"offset":[0,1],"originalSize":[82,72]}},{"__type__":"cc.SpriteFrame","content":{"name":"frog_line_25","texture":"5frAq8Sn5Mfa3iPAJWyFBr","rect":[2,70,78,68],"offset":[0,1],"originalSize":[82,72]}},{"__type__":"cc.SpriteFrame","content":{"name":"frog_column_23","texture":"5frAq8Sn5Mfa3iPAJWyFBr","rect":[79,2,76,64],"offset":[0,0],"originalSize":[82,72]}},{"__type__":"cc.SpriteFrame","content":{"name":"frog_line_07","texture":"5frAq8Sn5Mfa3iPAJWyFBr","rect":[329,347,82,72],"offset":[0,0],"originalSize":[82,72]}},{"__type__":"cc.SpriteFrame","content":{"name":"frog_wrap_09","texture":"5frAq8Sn5Mfa3iPAJWyFBr","rect":[153,207,81,70],"offset":[0,0],"originalSize":[83,72]}},{"__type__":"cc.SpriteFrame","content":{"name":"frog_wrap_04","texture":"5frAq8Sn5Mfa3iPAJWyFBr","rect":[160,138,79,68],"offset":[0,0],"originalSize":[83,72]}},{"__type__":"cc.SpriteFrame","content":{"name":"frog_click_16","texture":"5frAq8Sn5Mfa3iPAJWyFBr","rect":[2,207,70,69],"offset":[0,0],"originalSize":[70,69]}},{"__type__":"cc.SpriteFrame","content":{"name":"frog_wrap_28","texture":"5frAq8Sn5Mfa3iPAJWyFBr","rect":[477,207,81,70],"offset":[0,0],"originalSize":[83,72]}},{"__type__":"cc.SpriteFrame","content":{"name":"frog_line_21","texture":"5frAq8Sn5Mfa3iPAJWyFBr","rect":[621,2,76,66],"offset":[0,1],"originalSize":[82,72]}},{"__type__":"cc.SpriteFrame","content":{"name":"frog_wrap_38","texture":"5frAq8Sn5Mfa3iPAJWyFBr","rect":[800,207,81,70],"offset":[0,0],"originalSize":[83,72]}},{"__type__":"cc.SpriteFrame","content":{"name":"frog_column_03","texture":"5frAq8Sn5Mfa3iPAJWyFBr","rect":[163,277,82,70],"offset":[0,0],"originalSize":[82,72]}},{"__type__":"cc.SpriteFrame","content":{"name":"frog_column_18","texture":"5frAq8Sn5Mfa3iPAJWyFBr","rect":[232,2,78,66],"offset":[0,0],"originalSize":[82,72]}},{"__type__":"cc.SpriteFrame","content":{"name":"frog_wrap_31","texture":"5frAq8Sn5Mfa3iPAJWyFBr","rect":[800,207,81,70],"offset":[0,0],"originalSize":[83,72]}},{"__type__":"cc.SpriteFrame","content":{"name":"frog_line_02","texture":"5frAq8Sn5Mfa3iPAJWyFBr","rect":[83,277,80,70],"offset":[0,1],"originalSize":[82,72]}},{"__type__":"cc.SpriteFrame","content":{"name":"frog_click_07","texture":"5frAq8Sn5Mfa3iPAJWyFBr","rect":[458,138,70,69],"offset":[0,0],"originalSize":[70,69]}},{"__type__":"cc.SpriteAtlas","_name":"frog.plist","_spriteFrames":{"frog_click_00":{"__uuid__":"aa9n6YCn9GvLyr8euCLZes"},"frog_click_01":{"__uuid__":"a8fLp475NFVrR3LPXQ2U4G"},"frog_click_10":{"__uuid__":"15mOEVEhlLpIlYC+PSZ8+V"},"frog_click_11":{"__uuid__":"edL/gB5otEHoFOUxCFZsiy"},"frog_click_12":{"__uuid__":"ed5SNep0ZDN5Ns1YzZF1MU"},"frog_click_13":{"__uuid__":"43U2AlsChPM5WecYgumBAo"},"frog_click_14":{"__uuid__":"4e9I9EJxJK1YsySwu6AhbK"},"frog_click_15":{"__uuid__":"8dPTv3x5xOr5RLBVa4PUrz"},"frog_click_16":{"__uuid__":"b6m1x8HNVPT6kEWxgaeZHS"},"frog_click_17":{"__uuid__":"53kub8VClCUb9G27TxqCIh"},"frog_click_18":{"__uuid__":"a0PZwL6FFCVpYRMVjkpKm6"},"frog_click_19":{"__uuid__":"3akn5/VJxMf7HPjuhSem12"},"frog_click_02":{"__uuid__":"00sQ3NfnJCy5VjFCP2t+aw"},"frog_click_20":{"__uuid__":"5auN2NkK5N/a6J/0QQUWi/"},"frog_click_21":{"__uuid__":"absalyKX9PEoeAxJAX/Oe6"},"frog_click_22":{"__uuid__":"5bpW0ukUBMaZpt+VgBJC8u"},"frog_click_23":{"__uuid__":"89zU2V9GxPO4U7bh/dsjd0"},"frog_click_24":{"__uuid__":"0eWd7A8PhNTJmcE+2bwS6F"},"frog_click_25":{"__uuid__":"5aXk5WNZxDG5vwSiOXHeI+"},"frog_click_26":{"__uuid__":"e2l9PVaxZGq4NczIvpTYoj"},"frog_click_27":{"__uuid__":"4cZTutarRE7YPgCNUdk0qG"},"frog_click_28":{"__uuid__":"67EbLBZ4RNYKsQcaIUvKxG"},"frog_click_29":{"__uuid__":"adVYGKkGhOdqAOZevnVJAp"},"frog_click_03":{"__uuid__":"7deYMNDO1Cy7qrMPDOwSow"},"frog_click_04":{"__uuid__":"88OU2DINVAmYvaXYkEG2wX"},"frog_click_05":{"__uuid__":"60MHQKXSpKppNGOYqWeRvH"},"frog_click_06":{"__uuid__":"cb2APtqclD5b7FToiHfWIW"},"frog_click_07":{"__uuid__":"c1D3o17z9DCaKoRgiCjG4W"},"frog_click_08":{"__uuid__":"ddjuvt9DZHBJ5rvUFH4kvR"},"frog_click_09":{"__uuid__":"1eTc+3nYpGzar9g6NlQ/XD"},"frog_column_00":{"__uuid__":"02SWtKEAxGkKdCwM9mCvbd"},"frog_column_01":{"__uuid__":"9bReXTM55HYK0hd1E/PL+5"},"frog_column_10":{"__uuid__":"2eF00Fce5Ey7oWF91iS8Oc"},"frog_column_11":{"__uuid__":"602Wx3vF5LKISfxcp+9Yz+"},"frog_column_12":{"__uuid__":"61lSP3o/VAhZnEtt+0UrsS"},"frog_column_13":{"__uuid__":"03J8ra1ctH55cETM8Mkf7Q"},"frog_column_14":{"__uuid__":"ae/cxV4Y9KE4dhZ2qbxJ/y"},"frog_column_15":{"__uuid__":"32vXkL1DBBgIN+6ELI3E8Z"},"frog_column_16":{"__uuid__":"86almA04xN2YIB01yZB3JK"},"frog_column_17":{"__uuid__":"e25pgcpG9EN4fYOYQe1Xo/"},"frog_column_18":{"__uuid__":"bfhGspymNBlINlADopbMMv"},"frog_column_19":{"__uuid__":"6cSrwN4CdEU4lqnQVTyEfq"},"frog_column_02":{"__uuid__":"40AVnI9dBBXrQ+8gAjvOe0"},"frog_column_20":{"__uuid__":"aevwTMhVtF371M3jmCjsKE"},"frog_column_21":{"__uuid__":"64bBXJg8BHSIHE6CntUwju"},"frog_column_22":{"__uuid__":"a8CLQAddpCWoOObOz4vhz4"},"frog_column_23":{"__uuid__":"b2i0kwtv5DHIDmUQJblT4n"},"frog_column_24":{"__uuid__":"0ds8Xn7iROdLoP1+L25dDE"},"frog_column_25":{"__uuid__":"e6tz7wpOdIhZVQoxsyw3dQ"},"frog_column_26":{"__uuid__":"0fphF5a61DzIlP3Cqpiz2i"},"frog_column_27":{"__uuid__":"65KecXA15Og57WxRyMDggz"},"frog_column_28":{"__uuid__":"75spFAxvREo6iYMG/KR+FM"},"frog_column_29":{"__uuid__":"61hCjadXVEh4DSY/ZPlrg+"},"frog_column_03":{"__uuid__":"bbc90zgbNHJJ/b3k1tghSa"},"frog_column_04":{"__uuid__":"dfiGzTWyFPIJg3bT+fLQ3C"},"frog_column_05":{"__uuid__":"20lp1S7g9J2Jotwhf9BfgM"},"frog_column_06":{"__uuid__":"57MvXFdgJOTKZygMYfRVJ6"},"frog_column_07":{"__uuid__":"c5O3Q5UmhOhrWB6PrNyWTo"},"frog_column_08":{"__uuid__":"83ibk6NMtE8YseYW22BXvT"},"frog_column_09":{"__uuid__":"9a4KkBEW5IJo0F0FgcNzQ3"},"frog_line_00":{"__uuid__":"d4JuXQXB9Hw7jBQjhL8fEV"},"frog_line_01":{"__uuid__":"19pLaIG/xOEIpmzhHcLFRq"},"frog_line_10":{"__uuid__":"247tJpXsBI27wF7pbmzHSg"},"frog_line_11":{"__uuid__":"226HH/jqdODLgHsVl7VxVq"},"frog_line_12":{"__uuid__":"c8iTT/AYNGUIsuyOI9Hwpp"},"frog_line_13":{"__uuid__":"457ThJlGZDJLzaI9st9u8c"},"frog_line_14":{"__uuid__":"1akcZU5e1MEKdrbG6ZZUcU"},"frog_line_15":{"__uuid__":"7cM6jBlVNGOKubPcDYwwzk"},"frog_line_16":{"__uuid__":"15qkwW6jVOQqxvS9V1mieE"},"frog_line_17":{"__uuid__":"2d0q1G83xKG4M/6aKFFXup"},"frog_line_18":{"__uuid__":"c3+8A5i3VKIp8g1h0zRP7K"},"frog_line_19":{"__uuid__":"e5dN7cnoxBRq2iMWPHmdB0"},"frog_line_02":{"__uuid__":"c1AeIT7u1C1ZQimSCA7MRm"},"frog_line_20":{"__uuid__":"b1lZdL3MRAJ7fjOiSCbgW9"},"frog_line_21":{"__uuid__":"b9NDxOI5dNarzgBMg7MCnb"},"frog_line_22":{"__uuid__":"a7qNTF1YFPa481jRN65aUF"},"frog_line_23":{"__uuid__":"528YQIbBlOrY5T5mxF8fCx"},"frog_line_24":{"__uuid__":"5bA53Zz3ZM/pQnADsykGuE"},"frog_line_25":{"__uuid__":"b2Nr1AWUBGBKuONa5+qg1m"},"frog_line_26":{"__uuid__":"73qVYcmPZEFbGAJ76uys7f"},"frog_line_27":{"__uuid__":"18IjIA9AhKq5ShUkmVxbc4"},"frog_line_28":{"__uuid__":"a3ruwmjoZKEaLOGZTw/IYO"},"frog_line_03":{"__uuid__":"02kBOCrGpBV6hpesBxFbpq"},"frog_line_04":{"__uuid__":"97bntn3o5IXKNUbkdOlnJA"},"frog_line_05":{"__uuid__":"d6wIlOR0VNOYjkh/dlhPuk"},"frog_line_06":{"__uuid__":"a6DIIJH+lJj4ybdQRU8nEa"},"frog_line_07":{"__uuid__":"b3+r5kcv1H9qpHu9k4K/1J"},"frog_line_08":{"__uuid__":"a7F2r7c4xK4ZQrg6pP7q63"},"frog_line_09":{"__uuid__":"01GQJKxtVM2KNMfebaDFIa"},"frog_wrap_00":{"__uuid__":"58+3Int6tER4Q/t9DLhsT3"},"frog_wrap_01":{"__uuid__":"dbGwgr1clCBaEThmPZ5G0z"},"frog_wrap_10":{"__uuid__":"cbkl+CpVlCkoDbyc9xjLZZ"},"frog_wrap_11":{"__uuid__":"17RYd3Uz9P1od2RFjsVi2/"},"frog_wrap_12":{"__uuid__":"fbRkGcRSZFVaLScNb9laU3"},"frog_wrap_13":{"__uuid__":"faYix21QtJuYXHkD8fgiyC"},"frog_wrap_14":{"__uuid__":"32gL/xE29KcYZ+kiQyDI/F"},"frog_wrap_15":{"__uuid__":"34Ct+GBqdGi5dKSjaSe2vb"},"frog_wrap_16":{"__uuid__":"57vghqkWBCyoZ32QVfkEw8"},"frog_wrap_17":{"__uuid__":"e0Vc1zIaFC1LVNcJOo2dQy"},"frog_wrap_18":{"__uuid__":"c6VayChyVLkYBhOTJEGb1m"},"frog_wrap_19":{"__uuid__":"3eDK3mAA5KcIek7N8Jcw39"},"frog_wrap_02":{"__uuid__":"e41s1CdHdOOaKm54JJWmzB"},"frog_wrap_20":{"__uuid__":"51K+nYWiRK7ZrLmVt62fS4"},"frog_wrap_21":{"__uuid__":"ebsuk2Op1D8Lgf6hXhkIxP"},"frog_wrap_22":{"__uuid__":"aekArOr7xNqLknbKE/6QFf"},"frog_wrap_23":{"__uuid__":"c9RGySgF1Kqo1GQA27i5VJ"},"frog_wrap_24":{"__uuid__":"c1/EtQEOZJlJnE6m+5uC3t"},"frog_wrap_25":{"__uuid__":"05AljyO9dIU5jlDEGIUf1G"},"frog_wrap_26":{"__uuid__":"ceVT2MB4pMmZyO+WzI8Mcp"},"frog_wrap_27":{"__uuid__":"d2lk8ED0ZNsIFpqaxEIaVH"},"frog_wrap_28":{"__uuid__":"b9LakVvGBBWaWUK+aPfcz+"},"frog_wrap_29":{"__uuid__":"a3pvaoNjNA5oFvkRI04zH8"},"frog_wrap_03":{"__uuid__":"12Wwo4ikxIKo68rYfu7f/Z"},"frog_wrap_30":{"__uuid__":"a7y6yBD9pB47JeTwcirjjr"},"frog_wrap_31":{"__uuid__":"bftg0PTldMa4UMc18ewJI8"},"frog_wrap_32":{"__uuid__":"09lEeBdgZBb5nvl6KhffzB"},"frog_wrap_33":{"__uuid__":"db4urerjZEPJXsckMbsp4q"},"frog_wrap_34":{"__uuid__":"6bQZeM7xFLDLqnQuoU4LDs"},"frog_wrap_35":{"__uuid__":"03JX3KxT1CGrWLx8PbxF+y"},"frog_wrap_36":{"__uuid__":"13uEK1HhRDm6NTiSlfnMd9"},"frog_wrap_37":{"__uuid__":"3diRs9JVxG5pszbAUwdP3N"},"frog_wrap_38":{"__uuid__":"bbKPKXnSZBXZ3a+c4vc4ae"},"frog_wrap_39":{"__uuid__":"57CwXuOy9DnZrkKkMc8vcg"},"frog_wrap_04":{"__uuid__":"b5C4QK6lpHH4eIUqF+v/uE"},"frog_wrap_40":{"__uuid__":"d8MTjuXiVNFY5E7ZlmEiPn"},"frog_wrap_41":{"__uuid__":"11YYQr1IpK3IAd6JFvml85"},"frog_wrap_42":{"__uuid__":"5b49Pq1y9KXqqjJm7gaMpm"},"frog_wrap_43":{"__uuid__":"0bZxe/QUtH6oqJbCHGQfdV"},"frog_wrap_44":{"__uuid__":"2cOqK7so9F6pBPWQDbzOMr"},"frog_wrap_45":{"__uuid__":"eaFfLEP6tDBIrIuw0Q/XgJ"},"frog_wrap_46":{"__uuid__":"a21791d79B4pPEDTnB0pJ+"},"frog_wrap_47":{"__uuid__":"61RoKPme9Nk4KjZ7YClddS"},"frog_wrap_48":{"__uuid__":"18WimlVhBGTZbMySI53T9q"},"frog_wrap_05":{"__uuid__":"c2L9gp/B5Ah6FJrmsGnwc1"},"frog_wrap_06":{"__uuid__":"f3yymSH3RJEYCWZWjH+f49"},"frog_wrap_07":{"__uuid__":"abXgQcqHBBuKE4tPekH+wv"},"frog_wrap_08":{"__uuid__":"ebb8QhkTRCbLT+ijmKvix8"},"frog_wrap_09":{"__uuid__":"b4yPtsC99AsoQeDWXkG++6"}}},{"__type__":"cc.SpriteFrame","content":{"name":"frog_wrap_24","texture":"5frAq8Sn5Mfa3iPAJWyFBr","rect":[246,347,83,72],"offset":[0,0],"originalSize":[83,72]}},{"__type__":"cc.SpriteFrame","content":{"name":"frog_wrap_05","texture":"5frAq8Sn5Mfa3iPAJWyFBr","rect":[635,70,79,68],"offset":[0,0],"originalSize":[83,72]}},{"__type__":"cc.SpriteFrame","content":{"name":"frog_line_18","texture":"5frAq8Sn5Mfa3iPAJWyFBr","rect":[238,70,78,68],"offset":[0,1],"originalSize":[82,72]}},{"__type__":"cc.SpriteFrame","content":{"name":"frog_column_07","texture":"5frAq8Sn5Mfa3iPAJWyFBr","rect":[825,347,82,72],"offset":[0,0],"originalSize":[82,72]}},{"__type__":"cc.SpriteFrame","content":{"name":"frog_wrap_18","texture":"5frAq8Sn5Mfa3iPAJWyFBr","rect":[742,347,83,72],"offset":[0,0],"originalSize":[83,72]}},{"__type__":"cc.SpriteFrame","content":{"name":"frog_line_12","texture":"5frAq8Sn5Mfa3iPAJWyFBr","rect":[647,277,80,70],"offset":[0,1],"originalSize":[82,72]}},{"__type__":"cc.SpriteFrame","content":{"name":"frog_wrap_23","texture":"5frAq8Sn5Mfa3iPAJWyFBr","rect":[800,207,81,70],"offset":[0,0],"originalSize":[83,72]}},{"__type__":"cc.SpriteFrame","content":{"name":"frog_wrap_10","texture":"5frAq8Sn5Mfa3iPAJWyFBr","rect":[719,207,81,70],"offset":[0,0],"originalSize":[83,72]}},{"__type__":"cc.SpriteFrame","content":{"name":"frog_click_06","texture":"5frAq8Sn5Mfa3iPAJWyFBr","rect":[528,138,70,69],"offset":[0,0],"originalSize":[70,69]}},{"__type__":"cc.SpriteFrame","content":{"name":"frog_wrap_26","texture":"5frAq8Sn5Mfa3iPAJWyFBr","rect":[742,347,83,72],"offset":[0,0],"originalSize":[83,72]}},{"__type__":"cc.SpriteFrame","content":{"name":"frog_wrap_27","texture":"5frAq8Sn5Mfa3iPAJWyFBr","rect":[234,207,81,70],"offset":[0,0],"originalSize":[83,72]}},{"__type__":"cc.SpriteFrame","content":{"name":"frog_line_00","texture":"5frAq8Sn5Mfa3iPAJWyFBr","rect":[245,277,80,70],"offset":[0,1],"originalSize":[82,72]}},{"__type__":"cc.SpriteFrame","content":{"name":"frog_line_05","texture":"5frAq8Sn5Mfa3iPAJWyFBr","rect":[329,347,82,72],"offset":[0,0],"originalSize":[82,72]}},{"__type__":"cc.SpriteFrame","content":{"name":"frog_wrap_40","texture":"5frAq8Sn5Mfa3iPAJWyFBr","rect":[494,347,83,72],"offset":[0,0],"originalSize":[83,72]}},{"__type__":"cc.SpriteFrame","content":{"name":"frog_wrap_01","texture":"5frAq8Sn5Mfa3iPAJWyFBr","rect":[310,2,77,66],"offset":[0,0],"originalSize":[83,72]}},{"__type__":"cc.SpriteFrame","content":{"name":"frog_wrap_33","texture":"5frAq8Sn5Mfa3iPAJWyFBr","rect":[411,347,83,72],"offset":[0,0],"originalSize":[83,72]}},{"__type__":"cc.SpriteFrame","content":{"name":"frog_click_08","texture":"5frAq8Sn5Mfa3iPAJWyFBr","rect":[2,207,70,69],"offset":[0,0],"originalSize":[70,69]}},{"__type__":"cc.SpriteFrame","content":{"name":"frog_column_04","texture":"5frAq8Sn5Mfa3iPAJWyFBr","rect":[825,347,82,72],"offset":[0,0],"originalSize":[82,72]}},{"__type__":"cc.SpriteFrame","content":{"name":"frog_wrap_17","texture":"5frAq8Sn5Mfa3iPAJWyFBr","rect":[411,347,83,72],"offset":[0,0],"originalSize":[83,72]}},{"__type__":"cc.SpriteFrame","content":{"name":"frog_click_26","texture":"5frAq8Sn5Mfa3iPAJWyFBr","rect":[738,138,70,69],"offset":[0,0],"originalSize":[70,69]}},{"__type__":"cc.SpriteFrame","content":{"name":"frog_column_17","texture":"5frAq8Sn5Mfa3iPAJWyFBr","rect":[852,2,78,68],"offset":[0,0],"originalSize":[82,72]}},{"__type__":"cc.SpriteFrame","content":{"name":"frog_wrap_02","texture":"5frAq8Sn5Mfa3iPAJWyFBr","rect":[387,2,77,66],"offset":[0,0],"originalSize":[83,72]}},{"__type__":"cc.SpriteFrame","content":{"name":"frog_line_19","texture":"5frAq8Sn5Mfa3iPAJWyFBr","rect":[621,2,76,66],"offset":[0,1],"originalSize":[82,72]}},{"__type__":"cc.SpriteFrame","content":{"name":"frog_column_25","texture":"5frAq8Sn5Mfa3iPAJWyFBr","rect":[464,2,78,66],"offset":[0,-1],"originalSize":[82,72]}},{"__type__":"cc.SpriteFrame","content":{"name":"frog_wrap_45","texture":"5frAq8Sn5Mfa3iPAJWyFBr","rect":[477,70,79,68],"offset":[0,0],"originalSize":[83,72]}},{"__type__":"cc.SpriteFrame","content":{"name":"frog_wrap_08","texture":"5frAq8Sn5Mfa3iPAJWyFBr","rect":[2,277,81,70],"offset":[0,0],"originalSize":[83,72]}},{"__type__":"cc.SpriteFrame","content":{"name":"frog_wrap_21","texture":"5frAq8Sn5Mfa3iPAJWyFBr","rect":[315,207,81,70],"offset":[0,0],"originalSize":[83,72]}},{"__type__":"cc.SpriteFrame","content":{"name":"frog_click_11","texture":"5frAq8Sn5Mfa3iPAJWyFBr","rect":[2,207,70,69],"offset":[0,0],"originalSize":[70,69]}},{"__type__":"cc.SpriteFrame","content":{"name":"frog_click_12","texture":"5frAq8Sn5Mfa3iPAJWyFBr","rect":[2,207,70,69],"offset":[0,0],"originalSize":[70,69]}},{"__type__":"cc.SpriteFrame","content":{"name":"frog_wrap_06","texture":"5frAq8Sn5Mfa3iPAJWyFBr","rect":[556,70,79,68],"offset":[0,0],"originalSize":[83,72]}},{"__type__":"cc.SpriteFrame","content":{"name":"frog_wrap_13","texture":"5frAq8Sn5Mfa3iPAJWyFBr","rect":[315,207,81,70],"offset":[0,0],"originalSize":[83,72]}},{"__type__":"cc.SpriteFrame","content":{"name":"frog_wrap_12","texture":"5frAq8Sn5Mfa3iPAJWyFBr","rect":[153,207,81,70],"offset":[0,0],"originalSize":[83,72]}}]