[{"__type__":"cc.SpriteFrame","content":{"name":"tengzi","texture":"52P7FdvsVODIUvf9k0XpEx","rect":[2,2,514,227],"offset":[0,-0.5],"originalSize":[518,230]}},[{"__type__":"cc.SceneAsset","_name":"playscene","scene":{"__id__":1},"asyncLoadAssets":null},{"__type__":"cc.Scene","_name":"New Node","_children":[{"__id__":2}],"_anchorPoint":{"__type__":"cc.Vec2"},"autoReleaseAssets":false},{"__type__":"cc.Node","_name":"Canvas","_parent":{"__id__":1},"_children":[{"__id__":3},{"__id__":4},{"__id__":5}],"_components":[{"__type__":"cc.Canvas","node":{"__id__":2},"_designResolution":{"__type__":"cc.Size","width":720,"height":1280},"_fitWidth":true},{"__type__":"7d3f2NqTW5MBJdEDN2LVsNY","node":{"__id__":2},"xiaocuMusic":{"__uuid__":"ebiPJnTd5Kn4IviFybUTK8"},"bgm":{"__uuid__":"3b4ftTlZxC+Zr+lsrJcAjN"},"selectedBgm":{"__uuid__":"e5wuSn0FVEKqsO1fLheRNB"},"desAnim":{"__uuid__":"82aUNHrIxC/Lwg3ls8nnTb"},"bgNode":{"__uuid__":"f2I6Doa2dOBJhhActvLMcw"},"gameObjs":[{"__uuid__":"1fYNmej/FEqpq4CvUsbQnR"},{"__uuid__":"2drka5E3lDHp0I4cXoy86x"},{"__uuid__":"c1ypmRoftFXqcbBVZfnxC2"},{"__uuid__":"013sN7umJJBa5Js17ON5ne"},{"__uuid__":"d66ovNiMdGP4gWsQA4+M4D"}]}],"_id":"f1DQw2TDdMpp9u/dKECsXm","_contentSize":{"__type__":"cc.Size","width":720,"height":1280},"_position":{"__type__":"cc.Vec2","x":360,"y":640}},{"__type__":"cc.Node","_name":"bg","_parent":{"__id__":2},"_components":[{"__type__":"cc.Sprite","node":{"__id__":3},"_spriteFrame":{"__uuid__":"c87JrnoYlA06che0lWY8yo"},"_sizeMode":0},{"__type__":"cc.Widget","node":{"__id__":3},"_alignFlags":45,"_originalWidth":450,"_originalHeight":800}],"_contentSize":{"__type__":"cc.Size","width":720,"height":1280}},{"__type__":"cc.Node","_name":"tengzi","_parent":{"__id__":2},"_components":[{"__type__":"cc.Sprite","node":{"__id__":4},"_spriteFrame":{"__uuid__":"05MOOqvVpBk6pVQU2QDsbo"}},{"__type__":"cc.Widget","node":{"__id__":4},"_alignFlags":9}],"_contentSize":{"__type__":"cc.Size","width":514,"height":227},"_scaleX":0.83,"_scaleY":0.83,"_position":{"__type__":"cc.Vec2","x":-146.69,"y":545.795}},{"__type__":"cc.Node","_name":"temps","_parent":{"__id__":2},"_children":[{"__id__":6}],"_components":[{"__type__":"cc.Sprite","node":{"__id__":5},"_spriteFrame":{"__uuid__":"b1jv1EbjpOE4W8gEjH5wA8"}},{"__type__":"cc.Widget","node":{"__id__":5},"_alignFlags":33,"_right":10,"_top":-10}],"_contentSize":{"__type__":"cc.Size","width":164,"height":180},"_position":{"__type__":"cc.Vec2","x":268,"y":560}},{"__type__":"cc.Node","_name":"label","_parent":{"__id__":5},"_components":[{"__type__":"cc.Label","node":{"__id__":6},"_useOriginalSize":false,"_N$string":"25","_N$horizontalAlign":1,"_N$verticalAlign":1,"_N$overflow":2},{"__type__":"cc.Widget","node":{"__id__":6},"_alignFlags":45,"_left":34,"_right":32,"_top":90,"_bottom":50,"_originalWidth":98,"_originalHeight":40}],"_contentSize":{"__type__":"cc.Size","width":98,"height":40},"_position":{"__type__":"cc.Vec2","x":1,"y":-20}}],{"__type__":"cc.SpriteFrame","content":{"name":"temps","texture":"4cmCE3poVCB4WIUqijELNl","rect":[0,1,164,180],"offset":[-1,1],"originalSize":[166,184]}},{"__type__":"cc.SpriteFrame","content":{"name":"bg","texture":"39XHhgapdP0Yxmiy5OUJWr","rect":[0,0,450,800],"offset":[0,0],"originalSize":[450,800]}}]