[{"__type__":"cc.SpriteFrame","content":{"name":"game_begin","texture":"03/s5pJLJEo6MobLBnpkXE","rect":[0,5,283,85],"offset":[-2.5,1],"originalSize":[288,97],"capInsets":[45,25,43,25]}},[{"__type__":"cc.SceneAsset","_name":"helloworld","scene":{"__id__":1},"asyncLoadAssets":null},{"__type__":"cc.Scene","_name":"New Node","_children":[{"__id__":2}],"_anchorPoint":{"__type__":"cc.Vec2"},"autoReleaseAssets":false},{"__type__":"cc.Node","_name":"Canvas","_parent":{"__id__":1},"_children":[{"__id__":3},{"__id__":4},{"__id__":5},{"__id__":6},{"__id__":7},{"__id__":8}],"_components":[{"__type__":"cc.Canvas","node":{"__id__":2},"_designResolution":{"__type__":"cc.Size","width":720,"height":1280}}],"_id":"a286bbGknJLZpRpxROV6M94","_color":{"__type__":"cc.Color","r":252,"g":252,"b":252},"_contentSize":{"__type__":"cc.Size","width":720,"height":1280},"_position":{"__type__":"cc.Vec2","x":360,"y":640}},{"__type__":"cc.Node","_name":"bg","_parent":{"__id__":2},"_components":[{"__type__":"cc.Sprite","node":{"__id__":3},"_spriteFrame":{"__uuid__":"c87JrnoYlA06che0lWY8yo"},"_sizeMode":0},{"__type__":"cc.Widget","node":{"__id__":3},"_alignFlags":45,"_originalWidth":450,"_originalHeight":800}],"_contentSize":{"__type__":"cc.Size","width":720,"height":1422.2222222222222},"_scaleY":0.9},{"__type__":"cc.Node","_name":"teng","_parent":{"__id__":2},"_components":[{"__type__":"cc.Sprite","node":{"__id__":4},"_spriteFrame":{"__uuid__":"62LktIjilCTrSDOO0FMb/r"},"_sizeMode":0},{"__type__":"cc.Widget","node":{"__id__":4},"_alignFlags":45,"_left":169.7,"_right":159.7,"_top":-399.5,"_bottom":464.5,"_originalWidth":420,"_originalHeight":1215}],"_contentSize":{"__type__":"cc.Size","width":420,"height":1215},"_scaleX":0.93,"_position":{"__type__":"cc.Vec2","x":5,"y":432}},{"__type__":"cc.Node","_name":"bottom_image","_parent":{"__id__":2},"_components":[{"__type__":"cc.Sprite","node":{"__id__":5},"_spriteFrame":{"__uuid__":"ec+MEbiBpHtoe95PRGlkfW"},"_sizeMode":0},{"__type__":"cc.Widget","node":{"__id__":5},"_alignFlags":44,"_top":803.5,"_originalWidth":773}],"_contentSize":{"__type__":"cc.Size","width":720,"height":473},"_scaleY":0.8,"_position":{"__type__":"cc.Vec2","y":-450.79999999999995}},{"__type__":"cc.Node","_name":"devide","_parent":{"__id__":2},"_components":[{"__type__":"cc.Sprite","node":{"__id__":6},"_spriteFrame":{"__uuid__":"3d2J9w6apCDIl26krItY2e"},"_sizeMode":0},{"__type__":"cc.Widget","node":{"__id__":6},"_alignFlags":40,"_originalWidth":772}],"_contentSize":{"__type__":"cc.Size","width":720,"height":111},"_position":{"__type__":"cc.Vec2","y":-206}},{"__type__":"cc.Node","_name":"game_name_image","_parent":{"__id__":2},"_components":[{"__type__":"cc.Sprite","node":{"__id__":7},"_spriteFrame":{"__uuid__":"69a4UVb35JzJEyxthNyvZJ"}},{"__type__":"cc.Animation","node":{"__id__":7},"_defaultClip":{"__uuid__":"85eDVKRwtBzbu1JvjFnp1K"},"_clips":[{"__uuid__":"85eDVKRwtBzbu1JvjFnp1K"}],"playOnLoad":true}],"_contentSize":{"__type__":"cc.Size","width":403,"height":120},"_scaleX":1.38,"_scaleY":1.38,"_position":{"__type__":"cc.Vec2","y":362}},{"__type__":"cc.Node","_name":"button","_parent":{"__id__":2},"_children":[{"__id__":9}],"_components":[{"__type__":"cc.Sprite","node":{"__id__":8},"_spriteFrame":{"__uuid__":"1dFs2XRI1H1pCPvFe4+otO"},"_sizeMode":0},{"__type__":"cc.Button","node":{"__id__":8},"transition":3,"pressedColor":{"__type__":"cc.Color","r":255,"g":255,"b":255},"zoomScale":1.1,"clickEvents":[{"__type__":"cc.ClickEvent"}],"_N$normalColor":{"__type__":"cc.Color","r":255,"g":255,"b":255},"_N$disabledColor":{"__type__":"cc.Color","r":255,"g":255,"b":255},"_N$normalSprite":{"__uuid__":"1dFs2XRI1H1pCPvFe4+otO"},"_N$pressedSprite":{"__uuid__":"1dFs2XRI1H1pCPvFe4+otO"},"pressedSprite":{"__uuid__":"1dFs2XRI1H1pCPvFe4+otO"},"_N$hoverSprite":{"__uuid__":"1dFs2XRI1H1pCPvFe4+otO"},"hoverSprite":{"__uuid__":"1dFs2XRI1H1pCPvFe4+otO"},"_N$disabledSprite":{"__uuid__":"1dFs2XRI1H1pCPvFe4+otO"},"_N$target":{"__id__":8}},{"__type__":"dc8c9FDiRNIhYJ4w4ie3QI0","node":{"__id__":8}}],"_contentSize":{"__type__":"cc.Size","width":310,"height":85},"_position":{"__type__":"cc.Vec2","y":-335}},{"__type__":"cc.Node","_name":"Label","_parent":{"__id__":8},"_components":[{"__type__":"cc.Label","node":{"__id__":9},"_useOriginalSize":false,"_actualFontSize":39.100000000000016,"_fontSize":39.100000000000016,"_enableWrapText":false,"_N$string":"开始游戏","_N$horizontalAlign":1,"_N$verticalAlign":1,"_N$overflow":1}],"_contentSize":{"__type__":"cc.Size","width":168,"height":45}}],{"__type__":"cc.SpriteFrame","content":{"name":"devide","texture":"26PlyyjlNPi5n1YbRBVAHY","rect":[0,0,772,111],"offset":[0,0],"originalSize":[772,111]}},{"__type__":"cc.SpriteFrame","content":{"name":"teng","texture":"3celEw5gNOW7G/w0J4X6MJ","rect":[1,0,420,1215],"offset":[0.5,0],"originalSize":[421,1215]}},{"__type__":"cc.SpriteFrame","content":{"name":"game_name_image","texture":"4dLEq0ZgJGy7NrMMZW+uO0","rect":[0,0,403,120],"offset":[0,0],"originalSize":[403,120]}},{"__type__":"cc.AnimationClip","_name":"game_name_anim","_duration":1,"sample":25,"wrapMode":54,"curveData":{"props":{"scale":[{"frame":0,"value":{"__type__":"cc.Vec2","x":1.38,"y":1.38},"curve":[0.21,0.6,0.4,0.8]},{"frame":1,"value":{"__type__":"cc.Vec2","x":0.89,"y":0.89}}]}}},{"__type__":"cc.SpriteFrame","content":{"name":"bg","texture":"39XHhgapdP0Yxmiy5OUJWr","rect":[0,0,450,800],"offset":[0,0],"originalSize":[450,800]}},{"__type__":"cc.SpriteFrame","content":{"name":"bottom_image","texture":"c0UmTX2IFNm6yoR+N7Tj5G","rect":[0,0,773,473],"offset":[0,0],"originalSize":[773,473]}}]