[{"__type__":"cc.SpriteFrame","content":{"name":"kai_231_destroy_light_12","texture":"a0VjjA80xMtIK4G4LC82NA","rect":[0,0,75,75],"offset":[0,0],"originalSize":[75,75]}},{"__type__":"cc.SpriteFrame","content":{"name":"kai_231_destroy_light_15","texture":"028twxOidNh5ZYcySwKwWa","rect":[0,0,85,87],"offset":[0,0],"originalSize":[85,87]}},{"__type__":"cc.SpriteFrame","content":{"name":"kai_231_destroy_light_10","texture":"bdil2qH3xKgb2IbSpJWWyB","rect":[0,0,39,42],"offset":[0,0],"originalSize":[39,42]}},{"__type__":"cc.SpriteFrame","content":{"name":"kai_231_destroy_light_14","texture":"52AIwNp+NA6ZrW+nleWGBs","rect":[0,0,81,82],"offset":[0,0],"originalSize":[81,82]}},{"__type__":"cc.AnimationClip","_name":"destoryAnim","_duration":0.44,"sample":25,"wrapMode":0,"curveData":{"comps":{"cc.Sprite":{"spriteFrame":[{"frame":0,"value":{"__uuid__":"28JOPxSj5FJql/hg67lAVJ"}},{"frame":0.08,"value":{"__uuid__":"ac9tZ9gM1K6ZVjAYH+Jnj3"}},{"frame":0.16,"value":{"__uuid__":"01kAC5EdlOvLIxvTz+gTQj"}},{"frame":0.24,"value":{"__uuid__":"ebpxmnKalKIIwISgWsg885"}},{"frame":0.32,"value":{"__uuid__":"58lWYEJ6JIOYjAL57s8esv"}},{"frame":0.4,"value":{"__uuid__":"1cGCgPPTtFMKyjciB2+D0K"}}]}}},"events":[{"frame":0.4,"func":"animEnd","params":[]}]},{"__type__":"cc.SpriteFrame","content":{"name":"kai_231_destroy_light_11","texture":"c58IdFMVpEQYiwOeh6M520","rect":[0,0,54,54],"offset":[0,0],"originalSize":[54,54]}},{"__type__":"cc.SpriteFrame","content":{"name":"kai_231_destroy_light_13","texture":"beaRtVaLtAHJt6rHATNd8z","rect":[0,0,79,80],"offset":[0,0],"originalSize":[79,80]}}]