[{"__type__":"cc.SpriteFrame","content":{"name":"frog_click_00","texture":"5frAq8Sn5Mfa3iPAJWyFBr","rect":[318,138,70,69],"offset":[0,0],"originalSize":[70,69]}},[{"__type__":"cc.Prefab","_name":"frog","data":{"__id__":1},"asyncLoadAssets":null},{"__type__":"cc.Node","_name":"frog","_components":[{"__type__":"cc.Sprite","node":{"__id__":1},"_spriteFrame":{"__uuid__":"aa9n6YCn9GvLyr8euCLZes"}},{"__type__":"cc.Animation","node":{"__id__":1},"_defaultClip":{"__uuid__":"31g1boZv1P+4Y1voDqCToR"},"_clips":[{"__uuid__":"31g1boZv1P+4Y1voDqCToR"}]}],"_prefab":{"__type__":"cc.PrefabInfo","root":{"__id__":1},"asset":{"__uuid__":"d66ovNiMdGP4gWsQA4+M4D"},"fileId":"13CwzJw7NAS6+UpymCRpsC"},"_contentSize":{"__type__":"cc.Size","width":70,"height":69}}]]