[{"__type__":"cc.SpriteFrame","content":{"name":"frog_click_02","texture":"5frAq8Sn5Mfa3iPAJWyFBr","rect":[808,138,70,69],"offset":[0,0],"originalSize":[70,69]}},{"__type__":"cc.SpriteFrame","content":{"name":"frog_click_24","texture":"5frAq8Sn5Mfa3iPAJWyFBr","rect":[878,138,70,69],"offset":[0,0],"originalSize":[70,69]}},{"__type__":"cc.SpriteFrame","content":{"name":"frog_click_10","texture":"5frAq8Sn5Mfa3iPAJWyFBr","rect":[2,207,70,69],"offset":[0,0],"originalSize":[70,69]}},{"__type__":"cc.SpriteFrame","content":{"name":"frog_click_09","texture":"5frAq8Sn5Mfa3iPAJWyFBr","rect":[2,207,70,69],"offset":[0,0],"originalSize":[70,69]}},{"__type__":"cc.AnimationClip","_name":"click","_duration":0.5,"wrapMode":2,"curveData":{"comps":{"cc.Sprite":{"spriteFrame":[{"frame":0,"value":{"__uuid__":"aa9n6YCn9GvLyr8euCLZes"}},{"frame":0.016666666666666666,"value":{"__uuid__":"a8fLp475NFVrR3LPXQ2U4G"}},{"frame":0.03333333333333333,"value":{"__uuid__":"00sQ3NfnJCy5VjFCP2t+aw"}},{"frame":0.05,"value":{"__uuid__":"7deYMNDO1Cy7qrMPDOwSow"}},{"frame":0.06666666666666667,"value":{"__uuid__":"88OU2DINVAmYvaXYkEG2wX"}},{"frame":0.08333333333333333,"value":{"__uuid__":"60MHQKXSpKppNGOYqWeRvH"}},{"frame":0.1,"value":{"__uuid__":"cb2APtqclD5b7FToiHfWIW"}},{"frame":0.11666666666666667,"value":{"__uuid__":"c1D3o17z9DCaKoRgiCjG4W"}},{"frame":0.13333333333333333,"value":{"__uuid__":"ddjuvt9DZHBJ5rvUFH4kvR"}},{"frame":0.15,"value":{"__uuid__":"1eTc+3nYpGzar9g6NlQ/XD"}},{"frame":0.16666666666666666,"value":{"__uuid__":"15mOEVEhlLpIlYC+PSZ8+V"}},{"frame":0.18333333333333332,"value":{"__uuid__":"edL/gB5otEHoFOUxCFZsiy"}},{"frame":0.2,"value":{"__uuid__":"ed5SNep0ZDN5Ns1YzZF1MU"}},{"frame":0.21666666666666667,"value":{"__uuid__":"43U2AlsChPM5WecYgumBAo"}},{"frame":0.23333333333333334,"value":{"__uuid__":"4e9I9EJxJK1YsySwu6AhbK"}},{"frame":0.25,"value":{"__uuid__":"8dPTv3x5xOr5RLBVa4PUrz"}},{"frame":0.26666666666666666,"value":{"__uuid__":"b6m1x8HNVPT6kEWxgaeZHS"}},{"frame":0.2833333333333333,"value":{"__uuid__":"53kub8VClCUb9G27TxqCIh"}},{"frame":0.3,"value":{"__uuid__":"a0PZwL6FFCVpYRMVjkpKm6"}},{"frame":0.31666666666666665,"value":{"__uuid__":"3akn5/VJxMf7HPjuhSem12"}},{"frame":0.3333333333333333,"value":{"__uuid__":"5auN2NkK5N/a6J/0QQUWi/"}},{"frame":0.35,"value":{"__uuid__":"absalyKX9PEoeAxJAX/Oe6"}},{"frame":0.36666666666666664,"value":{"__uuid__":"5bpW0ukUBMaZpt+VgBJC8u"}},{"frame":0.38333333333333336,"value":{"__uuid__":"89zU2V9GxPO4U7bh/dsjd0"}},{"frame":0.4,"value":{"__uuid__":"0eWd7A8PhNTJmcE+2bwS6F"}},{"frame":0.4166666666666667,"value":{"__uuid__":"5aXk5WNZxDG5vwSiOXHeI+"}},{"frame":0.43333333333333335,"value":{"__uuid__":"e2l9PVaxZGq4NczIvpTYoj"}},{"frame":0.45,"value":{"__uuid__":"4cZTutarRE7YPgCNUdk0qG"}},{"frame":0.4666666666666667,"value":{"__uuid__":"67EbLBZ4RNYKsQcaIUvKxG"}},{"frame":0.48333333333333334,"value":{"__uuid__":"adVYGKkGhOdqAOZevnVJAp"}}]}}}},{"__type__":"cc.SpriteFrame","content":{"name":"frog_click_19","texture":"5frAq8Sn5Mfa3iPAJWyFBr","rect":[2,207,70,69],"offset":[0,0],"originalSize":[70,69]}},{"__type__":"cc.SpriteFrame","content":{"name":"frog_click_13","texture":"5frAq8Sn5Mfa3iPAJWyFBr","rect":[2,207,70,69],"offset":[0,0],"originalSize":[70,69]}},{"__type__":"cc.SpriteFrame","content":{"name":"frog_click_27","texture":"5frAq8Sn5Mfa3iPAJWyFBr","rect":[738,138,70,69],"offset":[0,0],"originalSize":[70,69]}},{"__type__":"cc.SpriteFrame","content":{"name":"frog_click_14","texture":"5frAq8Sn5Mfa3iPAJWyFBr","rect":[2,207,70,69],"offset":[0,0],"originalSize":[70,69]}},{"__type__":"cc.SpriteFrame","content":{"name":"frog_click_17","texture":"5frAq8Sn5Mfa3iPAJWyFBr","rect":[2,207,70,69],"offset":[0,0],"originalSize":[70,69]}},{"__type__":"cc.SpriteFrame","content":{"name":"frog_click_25","texture":"5frAq8Sn5Mfa3iPAJWyFBr","rect":[738,138,70,69],"offset":[0,0],"originalSize":[70,69]}},{"__type__":"cc.SpriteFrame","content":{"name":"frog_click_20","texture":"5frAq8Sn5Mfa3iPAJWyFBr","rect":[2,207,70,69],"offset":[0,0],"originalSize":[70,69]}},{"__type__":"cc.SpriteFrame","content":{"name":"frog_click_22","texture":"5frAq8Sn5Mfa3iPAJWyFBr","rect":[388,138,70,69],"offset":[0,0],"originalSize":[70,69]}},{"__type__":"cc.SpriteFrame","content":{"name":"frog_click_05","texture":"5frAq8Sn5Mfa3iPAJWyFBr","rect":[598,138,70,69],"offset":[0,0],"originalSize":[70,69]}},{"__type__":"cc.SpriteFrame","content":{"name":"frog_click_28","texture":"5frAq8Sn5Mfa3iPAJWyFBr","rect":[738,138,70,69],"offset":[0,0],"originalSize":[70,69]}},{"__type__":"cc.SpriteFrame","content":{"name":"frog_click_03","texture":"5frAq8Sn5Mfa3iPAJWyFBr","rect":[598,138,70,69],"offset":[0,0],"originalSize":[70,69]}},{"__type__":"cc.SpriteFrame","content":{"name":"frog_click_04","texture":"5frAq8Sn5Mfa3iPAJWyFBr","rect":[598,138,70,69],"offset":[0,0],"originalSize":[70,69]}},{"__type__":"cc.SpriteFrame","content":{"name":"frog_click_23","texture":"5frAq8Sn5Mfa3iPAJWyFBr","rect":[668,138,70,69],"offset":[0,0],"originalSize":[70,69]}},{"__type__":"cc.SpriteFrame","content":{"name":"frog_click_15","texture":"5frAq8Sn5Mfa3iPAJWyFBr","rect":[2,207,70,69],"offset":[0,0],"originalSize":[70,69]}},{"__type__":"cc.SpriteFrame","content":{"name":"frog_click_18","texture":"5frAq8Sn5Mfa3iPAJWyFBr","rect":[2,207,70,69],"offset":[0,0],"originalSize":[70,69]}},{"__type__":"cc.SpriteFrame","content":{"name":"frog_click_01","texture":"5frAq8Sn5Mfa3iPAJWyFBr","rect":[878,138,70,69],"offset":[0,0],"originalSize":[70,69]}},{"__type__":"cc.SpriteFrame","content":{"name":"frog_click_00","texture":"5frAq8Sn5Mfa3iPAJWyFBr","rect":[318,138,70,69],"offset":[0,0],"originalSize":[70,69]}},{"__type__":"cc.SpriteFrame","content":{"name":"frog_click_21","texture":"5frAq8Sn5Mfa3iPAJWyFBr","rect":[2,207,70,69],"offset":[0,0],"originalSize":[70,69]}},{"__type__":"cc.SpriteFrame","content":{"name":"frog_click_29","texture":"5frAq8Sn5Mfa3iPAJWyFBr","rect":[738,138,70,69],"offset":[0,0],"originalSize":[70,69]}},{"__type__":"cc.SpriteFrame","content":{"name":"frog_click_16","texture":"5frAq8Sn5Mfa3iPAJWyFBr","rect":[2,207,70,69],"offset":[0,0],"originalSize":[70,69]}},{"__type__":"cc.SpriteFrame","content":{"name":"frog_click_07","texture":"5frAq8Sn5Mfa3iPAJWyFBr","rect":[458,138,70,69],"offset":[0,0],"originalSize":[70,69]}},{"__type__":"cc.SpriteFrame","content":{"name":"frog_click_06","texture":"5frAq8Sn5Mfa3iPAJWyFBr","rect":[528,138,70,69],"offset":[0,0],"originalSize":[70,69]}},{"__type__":"cc.SpriteFrame","content":{"name":"frog_click_08","texture":"5frAq8Sn5Mfa3iPAJWyFBr","rect":[2,207,70,69],"offset":[0,0],"originalSize":[70,69]}},{"__type__":"cc.SpriteFrame","content":{"name":"frog_click_26","texture":"5frAq8Sn5Mfa3iPAJWyFBr","rect":[738,138,70,69],"offset":[0,0],"originalSize":[70,69]}},{"__type__":"cc.SpriteFrame","content":{"name":"frog_click_11","texture":"5frAq8Sn5Mfa3iPAJWyFBr","rect":[2,207,70,69],"offset":[0,0],"originalSize":[70,69]}},{"__type__":"cc.SpriteFrame","content":{"name":"frog_click_12","texture":"5frAq8Sn5Mfa3iPAJWyFBr","rect":[2,207,70,69],"offset":[0,0],"originalSize":[70,69]}}]