[{"__type__":"cc.SpriteFrame","content":{"name":"cat_column_09","texture":"b54TmcsrtGW6tSjwAPk2EM","rect":[2,214,80,70],"offset":[0,0],"originalSize":[80,70]}},{"__type__":"cc.SpriteFrame","content":{"name":"cat_wrap_03","texture":"b54TmcsrtGW6tSjwAPk2EM","rect":[620,137,76,67],"offset":[0,0],"originalSize":[80,71]}},{"__type__":"cc.SpriteFrame","content":{"name":"cat_line_15","texture":"b54TmcsrtGW6tSjwAPk2EM","rect":[398,139,78,68],"offset":[-1,1],"originalSize":[80,70]}},{"__type__":"cc.SpriteFrame","content":{"name":"cat_line_18","texture":"b54TmcsrtGW6tSjwAPk2EM","rect":[520,206,76,66],"offset":[-2,0],"originalSize":[80,70],"rotated":1}},{"__type__":"cc.SpriteFrame","content":{"name":"cat_click_14","texture":"b54TmcsrtGW6tSjwAPk2EM","rect":[520,282,66,61],"offset":[0,0],"originalSize":[68,61]}},{"__type__":"cc.SpriteFrame","content":{"name":"cat_wrap_35","texture":"b54TmcsrtGW6tSjwAPk2EM","rect":[662,204,76,67],"offset":[0,1],"originalSize":[80,71]}},{"__type__":"cc.SpriteFrame","content":{"name":"cat_column_01","texture":"b54TmcsrtGW6tSjwAPk2EM","rect":[308,209,78,68],"offset":[0,1],"originalSize":[80,70]}},{"__type__":"cc.SpriteFrame","content":{"name":"cat_click_16","texture":"b54TmcsrtGW6tSjwAPk2EM","rect":[916,344,68,59],"offset":[0,1],"originalSize":[68,61]}},{"__type__":"cc.SpriteFrame","content":{"name":"cat_column_06","texture":"b54TmcsrtGW6tSjwAPk2EM","rect":[2,214,80,70],"offset":[0,0],"originalSize":[80,70]}},{"__type__":"cc.SpriteFrame","content":{"name":"cat_wrap_43","texture":"b54TmcsrtGW6tSjwAPk2EM","rect":[82,282,78,69],"offset":[0,1],"originalSize":[80,71]}},{"__type__":"cc.SpriteFrame","content":{"name":"cat_wrap_16","texture":"b54TmcsrtGW6tSjwAPk2EM","rect":[662,204,76,67],"offset":[0,1],"originalSize":[80,71]}},{"__type__":"cc.SpriteFrame","content":{"name":"cat_column_20","texture":"b54TmcsrtGW6tSjwAPk2EM","rect":[640,344,74,64],"offset":[0,2],"originalSize":[80,70],"rotated":1}},{"__type__":"cc.SpriteFrame","content":{"name":"cat_column_28","texture":"b54TmcsrtGW6tSjwAPk2EM","rect":[775,70,76,68],"offset":[0,1],"originalSize":[80,70]}},{"__type__":"cc.SpriteFrame","content":{"name":"cat_line_21","texture":"b54TmcsrtGW6tSjwAPk2EM","rect":[880,280,74,64],"offset":[-1,0],"originalSize":[80,70]}},{"__type__":"cc.SpriteFrame","content":{"name":"cat_wrap_30","texture":"b54TmcsrtGW6tSjwAPk2EM","rect":[621,70,78,67],"offset":[0,0],"originalSize":[80,71]}},{"__type__":"cc.SpriteFrame","content":{"name":"cat_line_22","texture":"b54TmcsrtGW6tSjwAPk2EM","rect":[880,280,74,64],"offset":[-1,0],"originalSize":[80,70]}},{"__type__":"cc.SpriteFrame","content":{"name":"cat_wrap_34","texture":"b54TmcsrtGW6tSjwAPk2EM","rect":[738,204,76,67],"offset":[0,0],"originalSize":[80,71]}},{"__type__":"cc.SpriteFrame","content":{"name":"cat_wrap_36","texture":"b54TmcsrtGW6tSjwAPk2EM","rect":[446,344,74,65],"offset":[0,0],"originalSize":[80,71],"rotated":1}},{"__type__":"cc.SpriteFrame","content":{"name":"cat_wrap_13","texture":"b54TmcsrtGW6tSjwAPk2EM","rect":[662,271,76,67],"offset":[0,0],"originalSize":[80,71]}},{"__type__":"cc.SpriteFrame","content":{"name":"cat_wrap_28","texture":"b54TmcsrtGW6tSjwAPk2EM","rect":[2,73,80,71],"offset":[0,0],"originalSize":[80,71]}},{"__type__":"cc.SpriteFrame","content":{"name":"cat_line_09","texture":"b54TmcsrtGW6tSjwAPk2EM","rect":[2,144,80,70],"offset":[0,0],"originalSize":[80,70]}},{"__type__":"cc.SpriteFrame","content":{"name":"cat_column_15","texture":"b54TmcsrtGW6tSjwAPk2EM","rect":[699,70,76,68],"offset":[0,1],"originalSize":[80,70]}},{"__type__":"cc.SpriteFrame","content":{"name":"cat_click_20","texture":"b54TmcsrtGW6tSjwAPk2EM","rect":[848,344,68,59],"offset":[0,1],"originalSize":[68,61]}},{"__type__":"cc.SpriteFrame","content":{"name":"cat_column_11","texture":"b54TmcsrtGW6tSjwAPk2EM","rect":[240,210,78,68],"offset":[0,0],"originalSize":[80,70],"rotated":1}},{"__type__":"cc.SpriteFrame","content":{"name":"cat_wrap_22","texture":"b54TmcsrtGW6tSjwAPk2EM","rect":[320,140,78,69],"offset":[0,1],"originalSize":[80,71]}},{"__type__":"cc.SpriteFrame","content":{"name":"cat_line_01","texture":"b54TmcsrtGW6tSjwAPk2EM","rect":[712,2,78,68],"offset":[-1,0],"originalSize":[80,70]}},{"__type__":"cc.SpriteFrame","content":{"name":"cat_click_25","texture":"b54TmcsrtGW6tSjwAPk2EM","rect":[780,341,68,59],"offset":[0,1],"originalSize":[68,61]}},{"__type__":"cc.SpriteFrame","content":{"name":"cat_column_19","texture":"b54TmcsrtGW6tSjwAPk2EM","rect":[640,344,74,64],"offset":[0,2],"originalSize":[80,70],"rotated":1}},{"__type__":"cc.SpriteFrame","content":{"name":"cat_column_21","texture":"b54TmcsrtGW6tSjwAPk2EM","rect":[640,344,74,64],"offset":[0,2],"originalSize":[80,70],"rotated":1}},{"__type__":"cc.SpriteFrame","content":{"name":"cat_click_00","texture":"b54TmcsrtGW6tSjwAPk2EM","rect":[916,344,68,59],"offset":[0,1],"originalSize":[68,61]}},{"__type__":"cc.SpriteFrame","content":{"name":"cat_column_25","texture":"b54TmcsrtGW6tSjwAPk2EM","rect":[314,344,74,66],"offset":[0,1],"originalSize":[80,70],"rotated":1}},{"__type__":"cc.SpriteFrame","content":{"name":"cat_click_26","texture":"b54TmcsrtGW6tSjwAPk2EM","rect":[780,341,68,59],"offset":[0,1],"originalSize":[68,61]}},{"__type__":"cc.SpriteFrame","content":{"name":"cat_wrap_15","texture":"b54TmcsrtGW6tSjwAPk2EM","rect":[738,204,76,67],"offset":[0,0],"originalSize":[80,71]}},{"__type__":"cc.SpriteFrame","content":{"name":"cat_column_13","texture":"b54TmcsrtGW6tSjwAPk2EM","rect":[162,279,78,68],"offset":[0,1],"originalSize":[80,70]}},{"__type__":"cc.SpriteFrame","content":{"name":"cat_click_08","texture":"b54TmcsrtGW6tSjwAPk2EM","rect":[386,287,68,57],"offset":[0,1],"originalSize":[68,61]}},{"__type__":"cc.SpriteFrame","content":{"name":"cat_wrap_14","texture":"b54TmcsrtGW6tSjwAPk2EM","rect":[586,271,76,67],"offset":[0,0],"originalSize":[80,71]}},{"__type__":"cc.SpriteFrame","content":{"name":"cat_line_17","texture":"b54TmcsrtGW6tSjwAPk2EM","rect":[814,204,76,66],"offset":[-1,0],"originalSize":[80,70],"rotated":1}},{"__type__":"cc.SpriteFrame","content":{"name":"cat_column_18","texture":"b54TmcsrtGW6tSjwAPk2EM","rect":[380,344,74,66],"offset":[0,2],"originalSize":[80,70],"rotated":1}},{"__type__":"cc.SpriteFrame","content":{"name":"cat_line_19","texture":"b54TmcsrtGW6tSjwAPk2EM","rect":[880,280,74,64],"offset":[-1,0],"originalSize":[80,70]}},{"__type__":"cc.SpriteFrame","content":{"name":"cat_column_07","texture":"b54TmcsrtGW6tSjwAPk2EM","rect":[2,214,80,70],"offset":[0,0],"originalSize":[80,70]}},{"__type__":"cc.SpriteFrame","content":{"name":"cat_line_24","texture":"b54TmcsrtGW6tSjwAPk2EM","rect":[880,280,74,64],"offset":[-1,0],"originalSize":[80,70]}},{"__type__":"cc.SpriteFrame","content":{"name":"cat_line_11","texture":"b54TmcsrtGW6tSjwAPk2EM","rect":[162,142,80,68],"offset":[0,0],"originalSize":[80,70]}},{"__type__":"cc.SpriteFrame","content":{"name":"cat_column_10","texture":"b54TmcsrtGW6tSjwAPk2EM","rect":[162,72,80,70],"offset":[0,0],"originalSize":[80,70]}},{"__type__":"cc.SpriteFrame","content":{"name":"cat_column_08","texture":"b54TmcsrtGW6tSjwAPk2EM","rect":[2,214,80,70],"offset":[0,0],"originalSize":[80,70]}},{"__type__":"cc.SpriteFrame","content":{"name":"cat_column_17","texture":"b54TmcsrtGW6tSjwAPk2EM","rect":[880,204,76,66],"offset":[0,1],"originalSize":[80,70],"rotated":1}},{"__type__":"cc.SpriteFrame","content":{"name":"cat_line_23","texture":"b54TmcsrtGW6tSjwAPk2EM","rect":[880,280,74,64],"offset":[-1,0],"originalSize":[80,70]}},{"__type__":"cc.SpriteFrame","content":{"name":"cat_click_12","texture":"b54TmcsrtGW6tSjwAPk2EM","rect":[454,285,66,59],"offset":[0,1],"originalSize":[68,61]}},{"__type__":"cc.SpriteFrame","content":{"name":"cat_wrap_21","texture":"b54TmcsrtGW6tSjwAPk2EM","rect":[453,207,78,67],"offset":[0,0],"originalSize":[80,71],"rotated":1}},{"__type__":"cc.SpriteFrame","content":{"name":"cat_click_05","texture":"b54TmcsrtGW6tSjwAPk2EM","rect":[916,344,68,59],"offset":[0,1],"originalSize":[68,61]}},{"__type__":"cc.SpriteFrame","content":{"name":"cat_click_07","texture":"b54TmcsrtGW6tSjwAPk2EM","rect":[916,344,68,59],"offset":[0,1],"originalSize":[68,61]}},{"__type__":"cc.SpriteFrame","content":{"name":"cat_wrap_02","texture":"b54TmcsrtGW6tSjwAPk2EM","rect":[586,204,76,67],"offset":[0,0],"originalSize":[80,71]}},{"__type__":"cc.SpriteFrame","content":{"name":"cat_click_02","texture":"b54TmcsrtGW6tSjwAPk2EM","rect":[916,344,68,59],"offset":[0,1],"originalSize":[68,61]}},{"__type__":"cc.SpriteFrame","content":{"name":"cat_wrap_47","texture":"b54TmcsrtGW6tSjwAPk2EM","rect":[851,70,76,67],"offset":[0,1],"originalSize":[80,71]}},{"__type__":"cc.SpriteFrame","content":{"name":"cat_column_26","texture":"b54TmcsrtGW6tSjwAPk2EM","rect":[924,137,76,66],"offset":[0,1],"originalSize":[80,70]}},{"__type__":"cc.SpriteFrame","content":{"name":"cat_line_13","texture":"b54TmcsrtGW6tSjwAPk2EM","rect":[556,2,78,68],"offset":[-1,0],"originalSize":[80,70]}},{"__type__":"cc.SpriteFrame","content":{"name":"cat_click_27","texture":"b54TmcsrtGW6tSjwAPk2EM","rect":[848,344,68,59],"offset":[0,1],"originalSize":[68,61]}},{"__type__":"cc.SpriteFrame","content":{"name":"cat_column_02","texture":"b54TmcsrtGW6tSjwAPk2EM","rect":[868,2,78,68],"offset":[0,1],"originalSize":[80,70]}},{"__type__":"cc.SpriteFrame","content":{"name":"cat_line_27","texture":"b54TmcsrtGW6tSjwAPk2EM","rect":[398,71,78,68],"offset":[-1,1],"originalSize":[80,70]}},{"__type__":"cc.SpriteFrame","content":{"name":"cat_line_07","texture":"b54TmcsrtGW6tSjwAPk2EM","rect":[2,144,80,70],"offset":[0,0],"originalSize":[80,70]}},{"__type__":"cc.SpriteFrame","content":{"name":"cat_wrap_29","texture":"b54TmcsrtGW6tSjwAPk2EM","rect":[621,70,78,67],"offset":[0,0],"originalSize":[80,71]}},{"__type__":"cc.SpriteFrame","content":{"name":"cat_click_29","texture":"b54TmcsrtGW6tSjwAPk2EM","rect":[916,344,68,59],"offset":[0,1],"originalSize":[68,61]}},{"__type__":"cc.SpriteFrame","content":{"name":"cat_click_04","texture":"b54TmcsrtGW6tSjwAPk2EM","rect":[916,344,68,59],"offset":[0,1],"originalSize":[68,61]}},{"__type__":"cc.SpriteFrame","content":{"name":"cat_line_05","texture":"b54TmcsrtGW6tSjwAPk2EM","rect":[2,144,80,70],"offset":[0,0],"originalSize":[80,70]}},{"__type__":"cc.SpriteFrame","content":{"name":"cat_wrap_38","texture":"b54TmcsrtGW6tSjwAPk2EM","rect":[386,209,78,67],"offset":[0,0],"originalSize":[80,71],"rotated":1}},{"__type__":"cc.SpriteFrame","content":{"name":"cat_wrap_12","texture":"b54TmcsrtGW6tSjwAPk2EM","rect":[543,70,78,67],"offset":[0,0],"originalSize":[80,71]}},{"__type__":"cc.SpriteFrame","content":{"name":"cat_column_00","texture":"b54TmcsrtGW6tSjwAPk2EM","rect":[775,70,76,68],"offset":[0,1],"originalSize":[80,70]}},{"__type__":"cc.SpriteFrame","content":{"name":"cat_click_21","texture":"b54TmcsrtGW6tSjwAPk2EM","rect":[780,341,68,59],"offset":[0,1],"originalSize":[68,61]}},{"__type__":"cc.SpriteFrame","content":{"name":"cat_wrap_11","texture":"b54TmcsrtGW6tSjwAPk2EM","rect":[621,70,78,67],"offset":[0,0],"originalSize":[80,71]}},{"__type__":"cc.SpriteFrame","content":{"name":"cat_wrap_06","texture":"b54TmcsrtGW6tSjwAPk2EM","rect":[242,71,78,69],"offset":[0,0],"originalSize":[80,71]}},{"__type__":"cc.SpriteFrame","content":{"name":"cat_click_01","texture":"b54TmcsrtGW6tSjwAPk2EM","rect":[916,344,68,59],"offset":[0,1],"originalSize":[68,61]}},{"__type__":"cc.SpriteFrame","content":{"name":"cat_line_10","texture":"b54TmcsrtGW6tSjwAPk2EM","rect":[162,2,80,70],"offset":[0,0],"originalSize":[80,70]}},{"__type__":"cc.SpriteFrame","content":{"name":"cat_wrap_19","texture":"b54TmcsrtGW6tSjwAPk2EM","rect":[476,71,78,67],"offset":[0,0],"originalSize":[80,71],"rotated":1}},{"__type__":"cc.SpriteFrame","content":{"name":"cat_column_27","texture":"b54TmcsrtGW6tSjwAPk2EM","rect":[238,347,76,68],"offset":[0,1],"originalSize":[80,70]}},{"__type__":"cc.SpriteFrame","content":{"name":"cat_wrap_24","texture":"b54TmcsrtGW6tSjwAPk2EM","rect":[320,71,78,69],"offset":[0,1],"originalSize":[80,71]}},{"__type__":"cc.SpriteFrame","content":{"name":"cat_line_03","texture":"b54TmcsrtGW6tSjwAPk2EM","rect":[82,73,80,70],"offset":[0,0],"originalSize":[80,70]}},{"__type__":"cc.SpriteFrame","content":{"name":"cat_line_06","texture":"b54TmcsrtGW6tSjwAPk2EM","rect":[2,144,80,70],"offset":[0,0],"originalSize":[80,70]}},{"__type__":"cc.SpriteFrame","content":{"name":"cat_wrap_40","texture":"b54TmcsrtGW6tSjwAPk2EM","rect":[2,2,80,71],"offset":[0,0],"originalSize":[80,71]}},{"__type__":"cc.SpriteFrame","content":{"name":"cat_column_04","texture":"b54TmcsrtGW6tSjwAPk2EM","rect":[2,214,80,70],"offset":[0,0],"originalSize":[80,70]}},{"__type__":"cc.SpriteFrame","content":{"name":"cat_line_28","texture":"b54TmcsrtGW6tSjwAPk2EM","rect":[790,2,78,68],"offset":[-1,0],"originalSize":[80,70]}},{"__type__":"cc.SpriteFrame","content":{"name":"cat_wrap_48","texture":"b54TmcsrtGW6tSjwAPk2EM","rect":[511,344,74,65],"offset":[0,1],"originalSize":[80,71],"rotated":1}},{"__type__":"cc.SpriteFrame","content":{"name":"cat_column_14","texture":"b54TmcsrtGW6tSjwAPk2EM","rect":[775,70,76,68],"offset":[0,1],"originalSize":[80,70]}},{"__type__":"cc.SpriteFrame","content":{"name":"cat_click_13","texture":"b54TmcsrtGW6tSjwAPk2EM","rect":[814,280,66,61],"offset":[-1,0],"originalSize":[68,61]}},{"__type__":"cc.SpriteFrame","content":{"name":"cat_line_08","texture":"b54TmcsrtGW6tSjwAPk2EM","rect":[2,144,80,70],"offset":[0,0],"originalSize":[80,70]}},{"__type__":"cc.SpriteFrame","content":{"name":"cat_click_15","texture":"b54TmcsrtGW6tSjwAPk2EM","rect":[916,344,68,59],"offset":[0,1],"originalSize":[68,61]}},{"__type__":"cc.SpriteFrame","content":{"name":"cat_wrap_04","texture":"b54TmcsrtGW6tSjwAPk2EM","rect":[308,277,78,67],"offset":[0,0],"originalSize":[80,71]}},{"__type__":"cc.SpriteFrame","content":{"name":"cat_wrap_32","texture":"b54TmcsrtGW6tSjwAPk2EM","rect":[662,271,76,67],"offset":[0,0],"originalSize":[80,71]}},{"__type__":"cc.SpriteFrame","content":{"name":"cat_wrap_27","texture":"b54TmcsrtGW6tSjwAPk2EM","rect":[82,2,80,71],"offset":[0,0],"originalSize":[80,71]}},{"__type__":"cc.SpriteFrame","content":{"name":"cat_wrap_01","texture":"b54TmcsrtGW6tSjwAPk2EM","rect":[738,271,76,67],"offset":[0,1],"originalSize":[80,71]}},{"__type__":"cc.SpriteFrame","content":{"name":"cat_wrap_23","texture":"b54TmcsrtGW6tSjwAPk2EM","rect":[400,2,78,69],"offset":[0,1],"originalSize":[80,71]}},{"__type__":"cc.SpriteFrame","content":{"name":"cat_wrap_44","texture":"b54TmcsrtGW6tSjwAPk2EM","rect":[82,351,78,67],"offset":[0,0],"originalSize":[80,71]}},{"__type__":"cc.SpriteFrame","content":{"name":"cat_wrap_07","texture":"b54TmcsrtGW6tSjwAPk2EM","rect":[242,2,80,69],"offset":[0,0],"originalSize":[80,71]}},{"__type__":"cc.SpriteAtlas","_name":"cat.plist","_spriteFrames":{"cat_click_00":{"__uuid__":"29abzeXnxMfqw7Kw72GI26"},"cat_click_01":{"__uuid__":"7578f7N/tIZYS1A4N+qPx6"},"cat_click_10":{"__uuid__":"e9DBYfIE5B0bf3zCf4BlIM"},"cat_click_11":{"__uuid__":"caYuC3xqBNaZ8eGYUyFBOf"},"cat_click_12":{"__uuid__":"44/uiLVblGyYDC8CEynNcQ"},"cat_click_13":{"__uuid__":"8eFIcvDMZC1pOUhE6maCqm"},"cat_click_14":{"__uuid__":"09fSxCdYtH7rLItm/VjMNb"},"cat_click_15":{"__uuid__":"8fuG57V8RLd4D10Eb0LiNH"},"cat_click_16":{"__uuid__":"0d4vIwSHVHuL4kh3cxOJiX"},"cat_click_17":{"__uuid__":"aeVFmxSdtMFJgjRzBAsN83"},"cat_click_18":{"__uuid__":"f6jDO6yoxByalCu7wqzGff"},"cat_click_19":{"__uuid__":"absjWutUdPH4t7t6ct22iJ"},"cat_click_02":{"__uuid__":"55C4QQWmVC+a/qIkGmacZq"},"cat_click_20":{"__uuid__":"20xpUl8pxKwLuuVs2NX2ZQ"},"cat_click_21":{"__uuid__":"6fpl0beOhIyK77R6LyBOH5"},"cat_click_22":{"__uuid__":"ecWmW18e9AFqEq7DnuQprF"},"cat_click_23":{"__uuid__":"9e8IzkA95CxJU6Kl/4Xgog"},"cat_click_24":{"__uuid__":"9edRx8BElPq6lw8m1PKgHj"},"cat_click_25":{"__uuid__":"25+Qh50vhJQq4HeuYCxegP"},"cat_click_26":{"__uuid__":"2clTOv639N+IMsS3w6TrbM"},"cat_click_27":{"__uuid__":"5aKSivdRlLPrZYwzmmF6o4"},"cat_click_28":{"__uuid__":"f0qavTWs5Kob613MWrGTkn"},"cat_click_29":{"__uuid__":"61Leg3uE9F3ILdLRW6CMbT"},"cat_click_03":{"__uuid__":"c4ID7u7RxN6YXJpietH3Tl"},"cat_click_04":{"__uuid__":"62/pGnPmFJA5ssRfqXhFHQ"},"cat_click_05":{"__uuid__":"4bSOZTrw5Iz6fDiGcSXIOg"},"cat_click_06":{"__uuid__":"aa83eVAp9ENpSP9VRhviPb"},"cat_click_07":{"__uuid__":"52iZSdsg9AFJdbQF9+EwVq"},"cat_click_08":{"__uuid__":"390JHG6f5DKY8rP3wEJy1R"},"cat_click_09":{"__uuid__":"f13+asj/ZM46+/HKeKIbfV"},"cat_column_00":{"__uuid__":"684uuTkZlJEr9ZGoP9D18U"},"cat_column_01":{"__uuid__":"0dxjWwd8VOtYMkm1q4r/Wl"},"cat_column_10":{"__uuid__":"408gL4+DNLspGYk8FCTjPf"},"cat_column_11":{"__uuid__":"22W/Q267FOHbIksXtP58b5"},"cat_column_12":{"__uuid__":"bdVw26ne1D/Zgn1uNs3dzv"},"cat_column_13":{"__uuid__":"31CA+pJgpF9aioxUEYJBbz"},"cat_column_14":{"__uuid__":"8aRB1ntH5LrJO/15SwHYdu"},"cat_column_15":{"__uuid__":"20sW7xPwpMsKuDMnvu5naG"},"cat_column_16":{"__uuid__":"e0cywUsh5IW77Iuot8PsT1"},"cat_column_17":{"__uuid__":"42kjUODQZPFIdPgX9bGpny"},"cat_column_18":{"__uuid__":"3bnUMrXRpCtbrGGTixrBTV"},"cat_column_19":{"__uuid__":"27EsRDHkdBg4vkVSEFDpju"},"cat_column_02":{"__uuid__":"5aZ9RtcTtOQJK569yuiPc+"},"cat_column_20":{"__uuid__":"16tT8tA6dGP7a3DYiWgLwE"},"cat_column_21":{"__uuid__":"28dwBPpC5GXpdntfDu+C6C"},"cat_column_22":{"__uuid__":"d6Di8UZK1E2KTmYGLxWnDB"},"cat_column_23":{"__uuid__":"aaU07ui9VE77oc6imXjpmr"},"cat_column_24":{"__uuid__":"9dax0Y9rBKwayhJS8/nt2+"},"cat_column_25":{"__uuid__":"29909MPrxIEoHmsXPVAxKI"},"cat_column_26":{"__uuid__":"55xK+TIARDEot9rdvKbKgw"},"cat_column_27":{"__uuid__":"7bQo45AEdJdpAGoWAevuaJ"},"cat_column_28":{"__uuid__":"18ayUIFLdDNKBxKiWJR1N2"},"cat_column_03":{"__uuid__":"b8d8HpUQxI1rhNrnrh0c84"},"cat_column_04":{"__uuid__":"878yhPe5BNookPKWzg5o+1"},"cat_column_05":{"__uuid__":"f1LlNV1I1Nyqv2D+kxUqT4"},"cat_column_06":{"__uuid__":"12MEFhSm9FCZuMpqf+9D0w"},"cat_column_07":{"__uuid__":"3cPUVyk4ZGWagsfzNPC8k2"},"cat_column_08":{"__uuid__":"41+BBBgjFMFomnv2xSW2FU"},"cat_column_09":{"__uuid__":"038xV5K9dANaixuaKMuF9J"},"cat_line_00":{"__uuid__":"b5ulnMkgNJM6o9Xx/5nEwx"},"cat_line_01":{"__uuid__":"24gfjhCq5JC4ufgxdtlzo1"},"cat_line_10":{"__uuid__":"76hVnOXllLza268evP71jZ"},"cat_line_11":{"__uuid__":"402I4z4PlKzph9y+1Ns8wI"},"cat_line_12":{"__uuid__":"e6ZEpvIBRAX4OfvTr+f7Gm"},"cat_line_13":{"__uuid__":"57wP1wxVNOFYc3ilqh7qnS"},"cat_line_14":{"__uuid__":"acH4xvNwNJI5968SSRYyb+"},"cat_line_15":{"__uuid__":"08Bw2nWcBIq46s53UdW1lh"},"cat_line_16":{"__uuid__":"faG4Mn+ddOMaZmSzm2OQfF"},"cat_line_17":{"__uuid__":"3azsH7x9pJFJ0jGxM+/JEZ"},"cat_line_18":{"__uuid__":"09IAAThW9Gb4XUkN8Y029h"},"cat_line_19":{"__uuid__":"3b2J9VvMdNWqvxXrak4kXB"},"cat_line_02":{"__uuid__":"ffLqt2YKxKCL5+3XH0V0I0"},"cat_line_20":{"__uuid__":"f59EjYTgpBJa20pkwExXYf"},"cat_line_21":{"__uuid__":"1ak7q8SqRNmoPtLEhNj+Xj"},"cat_line_22":{"__uuid__":"1cYQiOJ7NG86aFQ7iD2WjG"},"cat_line_23":{"__uuid__":"42vsIRQo5Df60GIlynTPa8"},"cat_line_24":{"__uuid__":"40vlnh7WRFGrRDR+tDm162"},"cat_line_25":{"__uuid__":"absx5RzG1OLIicRaygmBab"},"cat_line_26":{"__uuid__":"ecVgspvnFDLIT2vftkqgv8"},"cat_line_27":{"__uuid__":"5azZr7b4hDjJBCB81iYoXR"},"cat_line_28":{"__uuid__":"88OP+i1r1BP48xHsAicmNq"},"cat_line_03":{"__uuid__":"7cBBckEbhON4ggpNz/TsgW"},"cat_line_04":{"__uuid__":"b3e19OwBRLsJ6aY4w95k8q"},"cat_line_05":{"__uuid__":"66YTDu0dBFRYEa+HbqqbmV"},"cat_line_06":{"__uuid__":"7fPGdE0ihOt6eSQBgvsucP"},"cat_line_07":{"__uuid__":"5bEO4qp6VDKJrY2KbXXpSN"},"cat_line_08":{"__uuid__":"8fMGj0H55Jq4+Azd1Ygbl9"},"cat_line_09":{"__uuid__":"1ftpyYjjhKH7IK1PseDCsu"},"cat_wrap_00":{"__uuid__":"debpRdJb5K9qG5QFnC9gBW"},"cat_wrap_01":{"__uuid__":"96PCL/yFpBfZA8A6saCsV4"},"cat_wrap_10":{"__uuid__":"9c7yfMfXFL96JcmcV16dHJ"},"cat_wrap_11":{"__uuid__":"71WhuGmLFOXYYhv4oOj5rc"},"cat_wrap_12":{"__uuid__":"68t5VO9HRLu4OQMI6Q/vSy"},"cat_wrap_13":{"__uuid__":"1dgu0wKpFBwpaodf+16eKS"},"cat_wrap_14":{"__uuid__":"3aziYNnzxAabSiZLGpcfmL"},"cat_wrap_15":{"__uuid__":"30C7zjcThCqbC4G1/hb0by"},"cat_wrap_16":{"__uuid__":"14aJhpamNFJ4KNjXkWWpQf"},"cat_wrap_17":{"__uuid__":"c0UTGYxZVNyJoZFvDPQGnP"},"cat_wrap_18":{"__uuid__":"e1Uv7aG7xK85f+qe4UMQVr"},"cat_wrap_19":{"__uuid__":"77OphevgZGvbCL+3Lmjk42"},"cat_wrap_02":{"__uuid__":"54j7mbcgpPOLW69NDP0Ibm"},"cat_wrap_20":{"__uuid__":"fdXcnQRd5BcZh5jj0AQLL5"},"cat_wrap_21":{"__uuid__":"46nkohwMtIhZddH3T9b+Yl"},"cat_wrap_22":{"__uuid__":"22+n8z0VdIWbNDJptBLnYJ"},"cat_wrap_23":{"__uuid__":"97G6gkkylPpIrb+7UYawWZ"},"cat_wrap_24":{"__uuid__":"7b0ulS8JFGEJ3nanyNZL3P"},"cat_wrap_25":{"__uuid__":"ceIy06YclJ1Zvl7zKSYMIw"},"cat_wrap_26":{"__uuid__":"famRNNhghFbYHXkhgaRc0A"},"cat_wrap_27":{"__uuid__":"9417RHQGRKFYad/XR0qFxF"},"cat_wrap_28":{"__uuid__":"1ebjY0aA9JtogVC0G4bzbF"},"cat_wrap_29":{"__uuid__":"60qan2hE9NuI7S+K+gcuRB"},"cat_wrap_03":{"__uuid__":"05Kn1kgNlIIqqyXaP0n7HC"},"cat_wrap_30":{"__uuid__":"1bEynVI1tMTIFfvdlg8RDz"},"cat_wrap_31":{"__uuid__":"b34HQyCHVIEIXj2EhwAJOv"},"cat_wrap_32":{"__uuid__":"91nrKDk6hPYr43dqBRbTsZ"},"cat_wrap_33":{"__uuid__":"e7FpD1TzVNtKD/voaaJe4+"},"cat_wrap_34":{"__uuid__":"1dGR+xlgFLirgkPYewjgyx"},"cat_wrap_35":{"__uuid__":"0dhWG5iVNOl6LapXLtBzCH"},"cat_wrap_36":{"__uuid__":"1dTZzEi5ZJgLTIYBjinogx"},"cat_wrap_37":{"__uuid__":"d2AJ7Uvv5FFJbu/Avs9W+p"},"cat_wrap_38":{"__uuid__":"68Ck8hdVFPkI9ET4XSzU5Y"},"cat_wrap_39":{"__uuid__":"efQ+s4GghHWatlYuVUDS56"},"cat_wrap_04":{"__uuid__":"91j7+RsnxKYoM/XnHdKk/q"},"cat_wrap_40":{"__uuid__":"81KPEFIY1DcJFj3bkkxqDr"},"cat_wrap_41":{"__uuid__":"ffoy+sVk9FK5YGL/olGdxJ"},"cat_wrap_42":{"__uuid__":"e1O8lextpIC7gstjBQ4vCV"},"cat_wrap_43":{"__uuid__":"1261pcTItDTIIBKH1kWsa6"},"cat_wrap_44":{"__uuid__":"97xZXoGOxIp5DiiekjlRuN"},"cat_wrap_45":{"__uuid__":"e5SItAWEJMbalPBvlwvqCV"},"cat_wrap_46":{"__uuid__":"b1LXtq8PFKTZ7s++z5O4io"},"cat_wrap_47":{"__uuid__":"55vTHw9hZOgYKSmrHA5OG7"},"cat_wrap_48":{"__uuid__":"888r7dVTNMuZD7fDU2hpTi"},"cat_wrap_05":{"__uuid__":"d0eVBLc0BEBI0Ae3NuZQuA"},"cat_wrap_06":{"__uuid__":"74MK9NBnRD4Zsu+9VkaNlT"},"cat_wrap_07":{"__uuid__":"98HY8jpNpL2LY4FWrN96nR"},"cat_wrap_08":{"__uuid__":"fdeFdnJqhDKIX67gfR22+8"},"cat_wrap_09":{"__uuid__":"a8g60qBhRHAqg7LkNDBW+G"}}},{"__type__":"cc.SpriteFrame","content":{"name":"cat_wrap_10","texture":"b54TmcsrtGW6tSjwAPk2EM","rect":[621,70,78,67],"offset":[0,0],"originalSize":[80,71]}},{"__type__":"cc.SpriteFrame","content":{"name":"cat_column_24","texture":"b54TmcsrtGW6tSjwAPk2EM","rect":[576,344,74,64],"offset":[0,2],"originalSize":[80,70],"rotated":1}},{"__type__":"cc.SpriteFrame","content":{"name":"cat_click_24","texture":"b54TmcsrtGW6tSjwAPk2EM","rect":[240,288,68,59],"offset":[0,1],"originalSize":[68,61]}},{"__type__":"cc.SpriteFrame","content":{"name":"cat_click_23","texture":"b54TmcsrtGW6tSjwAPk2EM","rect":[240,288,68,59],"offset":[0,1],"originalSize":[68,61]}},{"__type__":"cc.SpriteFrame","content":{"name":"cat_wrap_09","texture":"b54TmcsrtGW6tSjwAPk2EM","rect":[386,209,78,67],"offset":[0,0],"originalSize":[80,71],"rotated":1}},{"__type__":"cc.SpriteFrame","content":{"name":"cat_column_23","texture":"b54TmcsrtGW6tSjwAPk2EM","rect":[640,344,74,64],"offset":[0,2],"originalSize":[80,70],"rotated":1}},{"__type__":"cc.SpriteFrame","content":{"name":"cat_click_06","texture":"b54TmcsrtGW6tSjwAPk2EM","rect":[916,344,68,59],"offset":[0,1],"originalSize":[68,61]}},{"__type__":"cc.SpriteFrame","content":{"name":"cat_click_19","texture":"b54TmcsrtGW6tSjwAPk2EM","rect":[848,344,68,59],"offset":[0,1],"originalSize":[68,61]}},{"__type__":"cc.SpriteFrame","content":{"name":"cat_line_25","texture":"b54TmcsrtGW6tSjwAPk2EM","rect":[772,138,76,66],"offset":[-2,0],"originalSize":[80,70]}},{"__type__":"cc.SpriteFrame","content":{"name":"cat_line_14","texture":"b54TmcsrtGW6tSjwAPk2EM","rect":[790,2,78,68],"offset":[-1,0],"originalSize":[80,70]}},{"__type__":"cc.SpriteFrame","content":{"name":"cat_click_17","texture":"b54TmcsrtGW6tSjwAPk2EM","rect":[916,344,68,59],"offset":[0,1],"originalSize":[68,61]}},{"__type__":"cc.SpriteFrame","content":{"name":"cat_wrap_46","texture":"b54TmcsrtGW6tSjwAPk2EM","rect":[927,70,76,67],"offset":[0,0],"originalSize":[80,71]}},{"__type__":"cc.SpriteFrame","content":{"name":"cat_line_04","texture":"b54TmcsrtGW6tSjwAPk2EM","rect":[2,144,80,70],"offset":[0,0],"originalSize":[80,70]}},{"__type__":"cc.SpriteFrame","content":{"name":"cat_wrap_31","texture":"b54TmcsrtGW6tSjwAPk2EM","rect":[543,70,78,67],"offset":[0,0],"originalSize":[80,71]}},{"__type__":"cc.SpriteFrame","content":{"name":"cat_line_00","texture":"b54TmcsrtGW6tSjwAPk2EM","rect":[790,2,78,68],"offset":[-1,0],"originalSize":[80,70]}},{"__type__":"cc.SpriteFrame","content":{"name":"cat_column_03","texture":"b54TmcsrtGW6tSjwAPk2EM","rect":[82,143,80,70],"offset":[0,0],"originalSize":[80,70]}},{"__type__":"cc.SpriteFrame","content":{"name":"cat_column_12","texture":"b54TmcsrtGW6tSjwAPk2EM","rect":[160,347,78,68],"offset":[0,1],"originalSize":[80,70]}},{"__type__":"cc.SpriteFrame","content":{"name":"cat_wrap_17","texture":"b54TmcsrtGW6tSjwAPk2EM","rect":[446,344,74,65],"offset":[0,0],"originalSize":[80,71],"rotated":1}},{"__type__":"cc.SpriteFrame","content":{"name":"cat_click_03","texture":"b54TmcsrtGW6tSjwAPk2EM","rect":[916,344,68,59],"offset":[0,1],"originalSize":[68,61]}},{"__type__":"cc.SpriteFrame","content":{"name":"cat_click_11","texture":"b54TmcsrtGW6tSjwAPk2EM","rect":[476,149,68,57],"offset":[0,1],"originalSize":[68,61]}},{"__type__":"cc.SpriteFrame","content":{"name":"cat_wrap_25","texture":"b54TmcsrtGW6tSjwAPk2EM","rect":[242,140,78,69],"offset":[0,0],"originalSize":[80,71]}},{"__type__":"cc.SpriteFrame","content":{"name":"cat_wrap_05","texture":"b54TmcsrtGW6tSjwAPk2EM","rect":[322,2,78,69],"offset":[0,1],"originalSize":[80,71]}},{"__type__":"cc.SpriteFrame","content":{"name":"cat_wrap_37","texture":"b54TmcsrtGW6tSjwAPk2EM","rect":[2,353,74,65],"offset":[0,1],"originalSize":[80,71]}},{"__type__":"cc.SpriteFrame","content":{"name":"cat_column_22","texture":"b54TmcsrtGW6tSjwAPk2EM","rect":[640,344,74,64],"offset":[0,2],"originalSize":[80,70],"rotated":1}},{"__type__":"cc.SpriteFrame","content":{"name":"cat_wrap_00","texture":"b54TmcsrtGW6tSjwAPk2EM","rect":[511,344,74,65],"offset":[0,1],"originalSize":[80,71],"rotated":1}},{"__type__":"cc.SpriteFrame","content":{"name":"cat_column_16","texture":"b54TmcsrtGW6tSjwAPk2EM","rect":[704,338,76,66],"offset":[0,1],"originalSize":[80,70]}},{"__type__":"cc.SpriteFrame","content":{"name":"cat_wrap_42","texture":"b54TmcsrtGW6tSjwAPk2EM","rect":[162,210,78,69],"offset":[0,0],"originalSize":[80,71]}},{"__type__":"cc.SpriteFrame","content":{"name":"cat_wrap_18","texture":"b54TmcsrtGW6tSjwAPk2EM","rect":[2,353,74,65],"offset":[0,1],"originalSize":[80,71]}},{"__type__":"cc.SpriteFrame","content":{"name":"cat_wrap_45","texture":"b54TmcsrtGW6tSjwAPk2EM","rect":[544,137,76,67],"offset":[0,0],"originalSize":[80,71]}},{"__type__":"cc.SpriteFrame","content":{"name":"cat_line_12","texture":"b54TmcsrtGW6tSjwAPk2EM","rect":[634,2,78,68],"offset":[-1,0],"originalSize":[80,70]}},{"__type__":"cc.SpriteFrame","content":{"name":"cat_wrap_33","texture":"b54TmcsrtGW6tSjwAPk2EM","rect":[586,271,76,67],"offset":[0,0],"originalSize":[80,71]}},{"__type__":"cc.SpriteFrame","content":{"name":"cat_click_10","texture":"b54TmcsrtGW6tSjwAPk2EM","rect":[946,203,68,55],"offset":[0,1],"originalSize":[68,61],"rotated":1}},{"__type__":"cc.SpriteFrame","content":{"name":"cat_line_26","texture":"b54TmcsrtGW6tSjwAPk2EM","rect":[696,138,76,66],"offset":[-1,0],"originalSize":[80,70]}},{"__type__":"cc.SpriteFrame","content":{"name":"cat_click_22","texture":"b54TmcsrtGW6tSjwAPk2EM","rect":[780,341,68,59],"offset":[0,1],"originalSize":[68,61]}},{"__type__":"cc.SpriteFrame","content":{"name":"cat_wrap_39","texture":"b54TmcsrtGW6tSjwAPk2EM","rect":[386,209,78,67],"offset":[0,0],"originalSize":[80,71],"rotated":1}},{"__type__":"cc.SpriteFrame","content":{"name":"cat_click_28","texture":"b54TmcsrtGW6tSjwAPk2EM","rect":[916,344,68,59],"offset":[0,1],"originalSize":[68,61]}},{"__type__":"cc.SpriteFrame","content":{"name":"cat_column_05","texture":"b54TmcsrtGW6tSjwAPk2EM","rect":[2,214,80,70],"offset":[0,0],"originalSize":[80,70]}},{"__type__":"cc.SpriteFrame","content":{"name":"cat_click_09","texture":"b54TmcsrtGW6tSjwAPk2EM","rect":[946,2,68,57],"offset":[0,1],"originalSize":[68,61],"rotated":1}},{"__type__":"cc.SpriteFrame","content":{"name":"cat_line_20","texture":"b54TmcsrtGW6tSjwAPk2EM","rect":[880,280,74,64],"offset":[-1,0],"originalSize":[80,70]}},{"__type__":"cc.SpriteFrame","content":{"name":"cat_click_18","texture":"b54TmcsrtGW6tSjwAPk2EM","rect":[916,344,68,59],"offset":[0,1],"originalSize":[68,61]}},{"__type__":"cc.SpriteFrame","content":{"name":"cat_line_16","texture":"b54TmcsrtGW6tSjwAPk2EM","rect":[848,138,76,66],"offset":[-1,0],"originalSize":[80,70]}},{"__type__":"cc.SpriteFrame","content":{"name":"cat_wrap_26","texture":"b54TmcsrtGW6tSjwAPk2EM","rect":[82,213,80,69],"offset":[0,0],"originalSize":[80,71]}},{"__type__":"cc.SpriteFrame","content":{"name":"cat_wrap_20","texture":"b54TmcsrtGW6tSjwAPk2EM","rect":[476,71,78,67],"offset":[0,0],"originalSize":[80,71],"rotated":1}},{"__type__":"cc.SpriteFrame","content":{"name":"cat_wrap_08","texture":"b54TmcsrtGW6tSjwAPk2EM","rect":[2,2,80,71],"offset":[0,0],"originalSize":[80,71]}},{"__type__":"cc.SpriteFrame","content":{"name":"cat_line_02","texture":"b54TmcsrtGW6tSjwAPk2EM","rect":[478,2,78,68],"offset":[-1,0],"originalSize":[80,70]}},{"__type__":"cc.SpriteFrame","content":{"name":"cat_wrap_41","texture":"b54TmcsrtGW6tSjwAPk2EM","rect":[2,284,80,69],"offset":[0,0],"originalSize":[80,71]}}]