[{"__type__":"cc.SpriteFrame","content":{"name":"node_bg","texture":"c4RpJqdK1Cb4DxnYe6+wDZ","rect":[0,0,71,71],"offset":[0,0],"originalSize":[71,71]}},[{"__type__":"cc.Prefab","_name":"node_bg","data":{"__id__":1},"asyncLoadAssets":null},{"__type__":"cc.Node","_name":"node_bg","_components":[{"__type__":"cc.Sprite","node":{"__id__":1},"_spriteFrame":{"__uuid__":"a8nUx3dZxDjYeNmLuHjHN4"}}],"_prefab":{"__type__":"cc.PrefabInfo","root":{"__id__":1},"asset":{"__id__":0},"fileId":"4eM+wdiBlIqopmwJ5wyp+p"},"_contentSize":{"__type__":"cc.Size","width":71,"height":71}}]]