[{"__type__":"cc.SpriteFrame","content":{"name":"bear_line_11","texture":"9dPjoifAlG2JSIoQ5KzPjn","rect":[159,281,78,71],"offset":[0,0],"originalSize":[80,73]}},{"__type__":"cc.SpriteFrame","content":{"name":"bear_column_09","texture":"9dPjoifAlG2JSIoQ5KzPjn","rect":[160,427,82,74],"offset":[0,0],"originalSize":[82,74]}},{"__type__":"cc.SpriteFrame","content":{"name":"bear_click_14","texture":"9dPjoifAlG2JSIoQ5KzPjn","rect":[718,71,70,69],"offset":[0,0],"originalSize":[70,69]}},{"__type__":"cc.SpriteFrame","content":{"name":"bear_wrap_37","texture":"9dPjoifAlG2JSIoQ5KzPjn","rect":[875,354,79,73],"offset":[0,0],"originalSize":[81,75]}},{"__type__":"cc.SpriteFrame","content":{"name":"bear_line_09","texture":"9dPjoifAlG2JSIoQ5KzPjn","rect":[637,354,80,73],"offset":[0,0],"originalSize":[80,73]}},{"__type__":"cc.SpriteFrame","content":{"name":"bear_wrap_30","texture":"9dPjoifAlG2JSIoQ5KzPjn","rect":[727,427,81,75],"offset":[0,0],"originalSize":[81,75]}},{"__type__":"cc.SpriteFrame","content":{"name":"bear_wrap_05","texture":"9dPjoifAlG2JSIoQ5KzPjn","rect":[240,354,79,73],"offset":[0,0],"originalSize":[81,75]}},{"__type__":"cc.SpriteFrame","content":{"name":"bear_line_03","texture":"9dPjoifAlG2JSIoQ5KzPjn","rect":[477,354,80,73],"offset":[0,0],"originalSize":[80,73]}},{"__type__":"cc.SpriteFrame","content":{"name":"bear_line_13","texture":"9dPjoifAlG2JSIoQ5KzPjn","rect":[393,281,78,71],"offset":[-1,0],"originalSize":[80,73]}},{"__type__":"cc.SpriteFrame","content":{"name":"bear_wrap_15","texture":"9dPjoifAlG2JSIoQ5KzPjn","rect":[796,354,79,73],"offset":[0,-1],"originalSize":[81,75]}},{"__type__":"cc.SpriteFrame","content":{"name":"bear_wrap_03","texture":"9dPjoifAlG2JSIoQ5KzPjn","rect":[161,354,79,73],"offset":[0,0],"originalSize":[81,75]}},{"__type__":"cc.SpriteFrame","content":{"name":"bear_column_04","texture":"9dPjoifAlG2JSIoQ5KzPjn","rect":[160,427,82,74],"offset":[0,0],"originalSize":[82,74]}},{"__type__":"cc.SpriteFrame","content":{"name":"bear_wrap_11","texture":"9dPjoifAlG2JSIoQ5KzPjn","rect":[2,281,79,71],"offset":[-1,0],"originalSize":[81,75]}},{"__type__":"cc.SpriteFrame","content":{"name":"bear_wrap_31","texture":"9dPjoifAlG2JSIoQ5KzPjn","rect":[398,354,79,73],"offset":[0,0],"originalSize":[81,75]}},{"__type__":"cc.SpriteFrame","content":{"name":"bear_wrap_12","texture":"9dPjoifAlG2JSIoQ5KzPjn","rect":[231,210,79,71],"offset":[-1,0],"originalSize":[81,75]}},{"__type__":"cc.SpriteFrame","content":{"name":"bear_line_27","texture":"9dPjoifAlG2JSIoQ5KzPjn","rect":[76,71,76,69],"offset":[-1,0],"originalSize":[80,73]}},{"__type__":"cc.SpriteFrame","content":{"name":"bear_click_19","texture":"9dPjoifAlG2JSIoQ5KzPjn","rect":[718,71,70,69],"offset":[0,0],"originalSize":[70,69]}},{"__type__":"cc.SpriteFrame","content":{"name":"bear_column_15","texture":"9dPjoifAlG2JSIoQ5KzPjn","rect":[578,140,78,70],"offset":[-1,0],"originalSize":[82,74]}},{"__type__":"cc.SpriteFrame","content":{"name":"bear_click_27","texture":"9dPjoifAlG2JSIoQ5KzPjn","rect":[298,71,70,69],"offset":[0,0],"originalSize":[70,69]}},{"__type__":"cc.SpriteFrame","content":{"name":"bear_line_16","texture":"9dPjoifAlG2JSIoQ5KzPjn","rect":[298,2,76,69],"offset":[-1,0],"originalSize":[80,73]}},{"__type__":"cc.SpriteFrame","content":{"name":"bear_column_00","texture":"9dPjoifAlG2JSIoQ5KzPjn","rect":[734,140,78,70],"offset":[-1,0],"originalSize":[82,74]}},{"__type__":"cc.SpriteFrame","content":{"name":"bear_wrap_47","texture":"9dPjoifAlG2JSIoQ5KzPjn","rect":[464,210,77,71],"offset":[0,0],"originalSize":[81,75]}},{"__type__":"cc.SpriteFrame","content":{"name":"bear_column_18","texture":"9dPjoifAlG2JSIoQ5KzPjn","rect":[428,140,74,70],"offset":[0,1],"originalSize":[82,74]}},{"__type__":"cc.SpriteFrame","content":{"name":"bear_wrap_24","texture":"9dPjoifAlG2JSIoQ5KzPjn","rect":[861,281,79,73],"offset":[-1,0],"originalSize":[81,75]}},{"__type__":"cc.SpriteFrame","content":{"name":"bear_wrap_29","texture":"9dPjoifAlG2JSIoQ5KzPjn","rect":[875,354,79,73],"offset":[0,0],"originalSize":[81,75]}},{"__type__":"cc.SpriteFrame","content":{"name":"bear_wrap_01","texture":"9dPjoifAlG2JSIoQ5KzPjn","rect":[154,210,77,71],"offset":[0,0],"originalSize":[81,75]}},{"__type__":"cc.SpriteFrame","content":{"name":"bear_click_21","texture":"9dPjoifAlG2JSIoQ5KzPjn","rect":[578,71,70,69],"offset":[0,0],"originalSize":[70,69]}},{"__type__":"cc.SpriteFrame","content":{"name":"bear_line_00","texture":"9dPjoifAlG2JSIoQ5KzPjn","rect":[471,281,76,71],"offset":[-1,1],"originalSize":[80,73]}},{"__type__":"cc.SpriteFrame","content":{"name":"bear_column_07","texture":"9dPjoifAlG2JSIoQ5KzPjn","rect":[160,427,82,74],"offset":[0,0],"originalSize":[82,74]}},{"__type__":"cc.SpriteFrame","content":{"name":"bear_wrap_32","texture":"9dPjoifAlG2JSIoQ5KzPjn","rect":[861,281,79,73],"offset":[-1,0],"originalSize":[81,75]}},{"__type__":"cc.SpriteFrame","content":{"name":"bear_line_19","texture":"9dPjoifAlG2JSIoQ5KzPjn","rect":[2,2,74,67],"offset":[-1,0],"originalSize":[80,73]}},{"__type__":"cc.SpriteFrame","content":{"name":"bear_column_28","texture":"9dPjoifAlG2JSIoQ5KzPjn","rect":[734,140,78,70],"offset":[-1,0],"originalSize":[82,74]}},{"__type__":"cc.SpriteFrame","content":{"name":"bear_click_09","texture":"9dPjoifAlG2JSIoQ5KzPjn","rect":[450,2,70,69],"offset":[0,0],"originalSize":[70,69]}},{"__type__":"cc.SpriteFrame","content":{"name":"bear_line_17","texture":"9dPjoifAlG2JSIoQ5KzPjn","rect":[152,71,76,69],"offset":[-1,0],"originalSize":[80,73]}},{"__type__":"cc.SpriteFrame","content":{"name":"bear_wrap_00","texture":"9dPjoifAlG2JSIoQ5KzPjn","rect":[814,2,75,69],"offset":[0,1],"originalSize":[81,75]}},{"__type__":"cc.SpriteFrame","content":{"name":"bear_column_02","texture":"9dPjoifAlG2JSIoQ5KzPjn","rect":[703,281,78,72],"offset":[0,0],"originalSize":[82,74]}},{"__type__":"cc.SpriteFrame","content":{"name":"bear_wrap_40","texture":"9dPjoifAlG2JSIoQ5KzPjn","rect":[322,427,81,75],"offset":[0,0],"originalSize":[81,75]}},{"__type__":"cc.SpriteFrame","content":{"name":"bear_click_03","texture":"9dPjoifAlG2JSIoQ5KzPjn","rect":[298,71,70,69],"offset":[0,0],"originalSize":[70,69]}},{"__type__":"cc.SpriteFrame","content":{"name":"bear_wrap_20","texture":"9dPjoifAlG2JSIoQ5KzPjn","rect":[2,427,79,73],"offset":[-1,0],"originalSize":[81,75]}},{"__type__":"cc.SpriteFrame","content":{"name":"bear_line_21","texture":"9dPjoifAlG2JSIoQ5KzPjn","rect":[2,2,74,67],"offset":[-1,0],"originalSize":[80,73]}},{"__type__":"cc.SpriteFrame","content":{"name":"bear_column_17","texture":"9dPjoifAlG2JSIoQ5KzPjn","rect":[352,140,76,70],"offset":[-1,1],"originalSize":[82,74]}},{"__type__":"cc.SpriteFrame","content":{"name":"bear_line_07","texture":"9dPjoifAlG2JSIoQ5KzPjn","rect":[557,354,80,73],"offset":[0,0],"originalSize":[80,73]}},{"__type__":"cc.SpriteFrame","content":{"name":"bear_wrap_43","texture":"9dPjoifAlG2JSIoQ5KzPjn","rect":[808,427,81,75],"offset":[0,0],"originalSize":[81,75]}},{"__type__":"cc.SpriteFrame","content":{"name":"bear_line_23","texture":"9dPjoifAlG2JSIoQ5KzPjn","rect":[2,2,74,67],"offset":[-1,0],"originalSize":[80,73]}},{"__type__":"cc.SpriteFrame","content":{"name":"bear_wrap_48","texture":"9dPjoifAlG2JSIoQ5KzPjn","rect":[814,2,75,69],"offset":[0,1],"originalSize":[81,75]}},{"__type__":"cc.SpriteFrame","content":{"name":"bear_click_28","texture":"9dPjoifAlG2JSIoQ5KzPjn","rect":[298,71,70,69],"offset":[0,0],"originalSize":[70,69]}},{"__type__":"cc.SpriteFrame","content":{"name":"bear_click_10","texture":"9dPjoifAlG2JSIoQ5KzPjn","rect":[788,71,70,69],"offset":[0,0],"originalSize":[70,69]}},{"__type__":"cc.SpriteFrame","content":{"name":"bear_column_24","texture":"9dPjoifAlG2JSIoQ5KzPjn","rect":[224,2,74,68],"offset":[0,0],"originalSize":[82,74]}},{"__type__":"cc.SpriteFrame","content":{"name":"bear_click_22","texture":"9dPjoifAlG2JSIoQ5KzPjn","rect":[228,71,70,69],"offset":[0,0],"originalSize":[70,69]}},{"__type__":"cc.SpriteFrame","content":{"name":"bear_column_16","texture":"9dPjoifAlG2JSIoQ5KzPjn","rect":[502,140,76,70],"offset":[0,0],"originalSize":[82,74]}},{"__type__":"cc.SpriteFrame","content":{"name":"bear_column_29","texture":"9dPjoifAlG2JSIoQ5KzPjn","rect":[76,2,74,68],"offset":[0,0],"originalSize":[80,74]}},{"__type__":"cc.SpriteFrame","content":{"name":"bear_click_16","texture":"9dPjoifAlG2JSIoQ5KzPjn","rect":[718,71,70,69],"offset":[0,0],"originalSize":[70,69]}},{"__type__":"cc.SpriteFrame","content":{"name":"bear_column_25","texture":"9dPjoifAlG2JSIoQ5KzPjn","rect":[890,140,76,70],"offset":[-1,1],"originalSize":[82,74]}},{"__type__":"cc.SpriteFrame","content":{"name":"bear_line_12","texture":"9dPjoifAlG2JSIoQ5KzPjn","rect":[81,281,78,71],"offset":[-1,0],"originalSize":[80,73]}},{"__type__":"cc.SpriteFrame","content":{"name":"bear_line_15","texture":"9dPjoifAlG2JSIoQ5KzPjn","rect":[374,2,76,69],"offset":[-1,0],"originalSize":[80,73]}},{"__type__":"cc.SpriteFrame","content":{"name":"bear_wrap_39","texture":"9dPjoifAlG2JSIoQ5KzPjn","rect":[322,427,81,75],"offset":[0,0],"originalSize":[81,75]}},{"__type__":"cc.SpriteFrame","content":{"name":"bear_wrap_02","texture":"9dPjoifAlG2JSIoQ5KzPjn","rect":[81,427,79,73],"offset":[-1,1],"originalSize":[81,75]}},{"__type__":"cc.SpriteFrame","content":{"name":"bear_click_02","texture":"9dPjoifAlG2JSIoQ5KzPjn","rect":[648,71,70,69],"offset":[0,0],"originalSize":[70,69]}},{"__type__":"cc.SpriteFrame","content":{"name":"bear_click_08","texture":"9dPjoifAlG2JSIoQ5KzPjn","rect":[718,71,70,69],"offset":[0,0],"originalSize":[70,69]}},{"__type__":"cc.SpriteFrame","content":{"name":"bear_click_25","texture":"9dPjoifAlG2JSIoQ5KzPjn","rect":[438,71,70,69],"offset":[0,0],"originalSize":[70,69]}},{"__type__":"cc.SpriteFrame","content":{"name":"bear_column_11","texture":"9dPjoifAlG2JSIoQ5KzPjn","rect":[547,281,78,72],"offset":[0,0],"originalSize":[82,74]}},{"__type__":"cc.SpriteFrame","content":{"name":"bear_click_18","texture":"9dPjoifAlG2JSIoQ5KzPjn","rect":[718,71,70,69],"offset":[0,0],"originalSize":[70,69]}},{"__type__":"cc.SpriteFrame","content":{"name":"bear_click_00","texture":"9dPjoifAlG2JSIoQ5KzPjn","rect":[648,71,70,69],"offset":[0,0],"originalSize":[70,69]}},{"__type__":"cc.SpriteFrame","content":{"name":"bear_wrap_17","texture":"9dPjoifAlG2JSIoQ5KzPjn","rect":[618,210,77,71],"offset":[0,0],"originalSize":[81,75]}},{"__type__":"cc.SpriteFrame","content":{"name":"bear_line_29","texture":"9dPjoifAlG2JSIoQ5KzPjn","rect":[150,2,74,68],"offset":[0,1],"originalSize":[80,74]}},{"__type__":"cc.SpriteFrame","content":{"name":"bear_wrap_22","texture":"9dPjoifAlG2JSIoQ5KzPjn","rect":[727,427,81,75],"offset":[0,0],"originalSize":[81,75]}},{"__type__":"cc.SpriteFrame","content":{"name":"bear_line_10","texture":"9dPjoifAlG2JSIoQ5KzPjn","rect":[2,354,80,73],"offset":[0,0],"originalSize":[80,73]}},{"__type__":"cc.SpriteFrame","content":{"name":"bear_line_02","texture":"9dPjoifAlG2JSIoQ5KzPjn","rect":[315,281,78,71],"offset":[-1,0],"originalSize":[80,73]}},{"__type__":"cc.SpriteFrame","content":{"name":"bear_wrap_44","texture":"9dPjoifAlG2JSIoQ5KzPjn","rect":[484,427,81,75],"offset":[0,0],"originalSize":[81,75]}},{"__type__":"cc.SpriteFrame","content":{"name":"bear_line_04","texture":"9dPjoifAlG2JSIoQ5KzPjn","rect":[557,354,80,73],"offset":[0,0],"originalSize":[80,73]}},{"__type__":"cc.SpriteFrame","content":{"name":"bear_click_23","texture":"9dPjoifAlG2JSIoQ5KzPjn","rect":[368,71,70,69],"offset":[0,0],"originalSize":[70,69]}},{"__type__":"cc.SpriteFrame","content":{"name":"bear_wrap_45","texture":"9dPjoifAlG2JSIoQ5KzPjn","rect":[319,354,79,73],"offset":[0,0],"originalSize":[81,75]}},{"__type__":"cc.SpriteFrame","content":{"name":"bear_wrap_38","texture":"9dPjoifAlG2JSIoQ5KzPjn","rect":[727,427,81,75],"offset":[0,0],"originalSize":[81,75]}},{"__type__":"cc.SpriteFrame","content":{"name":"bear_wrap_33","texture":"9dPjoifAlG2JSIoQ5KzPjn","rect":[541,210,77,71],"offset":[0,0],"originalSize":[81,75]}},{"__type__":"cc.SpriteFrame","content":{"name":"bear_click_01","texture":"9dPjoifAlG2JSIoQ5KzPjn","rect":[648,71,70,69],"offset":[0,0],"originalSize":[70,69]}},{"__type__":"cc.SpriteFrame","content":{"name":"bear_wrap_41","texture":"9dPjoifAlG2JSIoQ5KzPjn","rect":[322,427,81,75],"offset":[0,0],"originalSize":[81,75]}},{"__type__":"cc.SpriteFrame","content":{"name":"bear_click_26","texture":"9dPjoifAlG2JSIoQ5KzPjn","rect":[298,71,70,69],"offset":[0,0],"originalSize":[70,69]}},{"__type__":"cc.SpriteFrame","content":{"name":"bear_click_04","texture":"9dPjoifAlG2JSIoQ5KzPjn","rect":[212,140,70,69],"offset":[0,0],"originalSize":[70,69]}},{"__type__":"cc.SpriteFrame","content":{"name":"bear_line_22","texture":"9dPjoifAlG2JSIoQ5KzPjn","rect":[2,2,74,67],"offset":[-1,0],"originalSize":[80,73]}},{"__type__":"cc.SpriteFrame","content":{"name":"bear_column_08","texture":"9dPjoifAlG2JSIoQ5KzPjn","rect":[160,427,82,74],"offset":[0,0],"originalSize":[82,74]}},{"__type__":"cc.SpriteFrame","content":{"name":"bear_wrap_28","texture":"9dPjoifAlG2JSIoQ5KzPjn","rect":[2,427,79,73],"offset":[-1,0],"originalSize":[81,75]}},{"__type__":"cc.SpriteFrame","content":{"name":"bear_column_19","texture":"9dPjoifAlG2JSIoQ5KzPjn","rect":[224,2,74,68],"offset":[0,0],"originalSize":[82,74]}},{"__type__":"cc.SpriteFrame","content":{"name":"bear_line_24","texture":"9dPjoifAlG2JSIoQ5KzPjn","rect":[2,2,74,67],"offset":[-1,0],"originalSize":[80,73]}},{"__type__":"cc.SpriteFrame","content":{"name":"bear_wrap_35","texture":"9dPjoifAlG2JSIoQ5KzPjn","rect":[387,210,77,71],"offset":[0,0],"originalSize":[81,75]}},{"__type__":"cc.SpriteFrame","content":{"name":"bear_click_05","texture":"9dPjoifAlG2JSIoQ5KzPjn","rect":[282,140,70,69],"offset":[0,0],"originalSize":[70,69]}},{"__type__":"cc.SpriteFrame","content":{"name":"bear_column_13","texture":"9dPjoifAlG2JSIoQ5KzPjn","rect":[656,140,78,70],"offset":[-1,0],"originalSize":[82,74]}},{"__type__":"cc.SpriteFrame","content":{"name":"bear_column_01","texture":"9dPjoifAlG2JSIoQ5KzPjn","rect":[812,140,78,70],"offset":[0,0],"originalSize":[82,74]}},{"__type__":"cc.SpriteFrame","content":{"name":"bear_wrap_08","texture":"9dPjoifAlG2JSIoQ5KzPjn","rect":[774,210,77,71],"offset":[0,1],"originalSize":[81,75]}},{"__type__":"cc.SpriteFrame","content":{"name":"bear_column_05","texture":"9dPjoifAlG2JSIoQ5KzPjn","rect":[160,427,82,74],"offset":[0,0],"originalSize":[82,74]}},{"__type__":"cc.SpriteFrame","content":{"name":"bear_column_06","texture":"9dPjoifAlG2JSIoQ5KzPjn","rect":[160,427,82,74],"offset":[0,0],"originalSize":[82,74]}},{"__type__":"cc.SpriteFrame","content":{"name":"bear_line_25","texture":"9dPjoifAlG2JSIoQ5KzPjn","rect":[2,71,74,69],"offset":[-1,1],"originalSize":[80,73]}},{"__type__":"cc.SpriteFrame","content":{"name":"bear_line_08","texture":"9dPjoifAlG2JSIoQ5KzPjn","rect":[557,354,80,73],"offset":[0,0],"originalSize":[80,73]}},{"__type__":"cc.SpriteFrame","content":{"name":"bear_line_05","texture":"9dPjoifAlG2JSIoQ5KzPjn","rect":[557,354,80,73],"offset":[0,0],"originalSize":[80,73]}},{"__type__":"cc.SpriteFrame","content":{"name":"bear_column_21","texture":"9dPjoifAlG2JSIoQ5KzPjn","rect":[224,2,74,68],"offset":[0,0],"originalSize":[82,74]}},{"__type__":"cc.SpriteFrame","content":{"name":"bear_column_10","texture":"9dPjoifAlG2JSIoQ5KzPjn","rect":[242,427,80,74],"offset":[0,0],"originalSize":[82,74]}},{"__type__":"cc.SpriteFrame","content":{"name":"bear_wrap_07","texture":"9dPjoifAlG2JSIoQ5KzPjn","rect":[695,210,79,71],"offset":[-1,0],"originalSize":[81,75]}},{"__type__":"cc.SpriteFrame","content":{"name":"bear_wrap_14","texture":"9dPjoifAlG2JSIoQ5KzPjn","rect":[565,427,81,75],"offset":[0,0],"originalSize":[81,75]}},{"__type__":"cc.SpriteFrame","content":{"name":"bear_wrap_42","texture":"9dPjoifAlG2JSIoQ5KzPjn","rect":[646,427,81,75],"offset":[0,0],"originalSize":[81,75]}},{"__type__":"cc.SpriteFrame","content":{"name":"bear_wrap_13","texture":"9dPjoifAlG2JSIoQ5KzPjn","rect":[403,427,81,75],"offset":[0,0],"originalSize":[81,75]}},{"__type__":"cc.SpriteFrame","content":{"name":"bear_wrap_10","texture":"9dPjoifAlG2JSIoQ5KzPjn","rect":[310,210,77,71],"offset":[0,1],"originalSize":[81,75]}},{"__type__":"cc.SpriteFrame","content":{"name":"bear_line_20","texture":"9dPjoifAlG2JSIoQ5KzPjn","rect":[2,2,74,67],"offset":[-1,0],"originalSize":[80,73]}},{"__type__":"cc.SpriteFrame","content":{"name":"bear_wrap_25","texture":"9dPjoifAlG2JSIoQ5KzPjn","rect":[541,210,77,71],"offset":[0,0],"originalSize":[81,75]}},{"__type__":"cc.SpriteFrame","content":{"name":"bear_line_01","texture":"9dPjoifAlG2JSIoQ5KzPjn","rect":[237,281,78,71],"offset":[-1,0],"originalSize":[80,73]}},{"__type__":"cc.SpriteFrame","content":{"name":"bear_wrap_06","texture":"9dPjoifAlG2JSIoQ5KzPjn","rect":[851,210,79,71],"offset":[-1,0],"originalSize":[81,75]}},{"__type__":"cc.SpriteFrame","content":{"name":"bear_click_20","texture":"9dPjoifAlG2JSIoQ5KzPjn","rect":[718,71,70,69],"offset":[0,0],"originalSize":[70,69]}},{"__type__":"cc.SpriteFrame","content":{"name":"bear_column_23","texture":"9dPjoifAlG2JSIoQ5KzPjn","rect":[224,2,74,68],"offset":[0,0],"originalSize":[82,74]}},{"__type__":"cc.SpriteFrame","content":{"name":"bear_line_14","texture":"9dPjoifAlG2JSIoQ5KzPjn","rect":[471,281,76,71],"offset":[-1,1],"originalSize":[80,73]}},{"__type__":"cc.SpriteFrame","content":{"name":"bear_wrap_46","texture":"9dPjoifAlG2JSIoQ5KzPjn","rect":[82,354,79,73],"offset":[-1,1],"originalSize":[81,75]}},{"__type__":"cc.SpriteFrame","content":{"name":"bear_wrap_18","texture":"9dPjoifAlG2JSIoQ5KzPjn","rect":[669,2,75,69],"offset":[0,0],"originalSize":[81,75]}},{"__type__":"cc.SpriteFrame","content":{"name":"bear_line_18","texture":"9dPjoifAlG2JSIoQ5KzPjn","rect":[595,2,74,69],"offset":[-1,1],"originalSize":[80,73]}},{"__type__":"cc.SpriteFrame","content":{"name":"bear_click_06","texture":"9dPjoifAlG2JSIoQ5KzPjn","rect":[142,140,70,69],"offset":[0,0],"originalSize":[70,69]}},{"__type__":"cc.SpriteFrame","content":{"name":"bear_column_20","texture":"9dPjoifAlG2JSIoQ5KzPjn","rect":[224,2,74,68],"offset":[0,0],"originalSize":[82,74]}},{"__type__":"cc.SpriteFrame","content":{"name":"bear_click_07","texture":"9dPjoifAlG2JSIoQ5KzPjn","rect":[744,2,70,69],"offset":[0,0],"originalSize":[70,69]}},{"__type__":"cc.SpriteFrame","content":{"name":"bear_wrap_36","texture":"9dPjoifAlG2JSIoQ5KzPjn","rect":[2,427,79,73],"offset":[-1,0],"originalSize":[81,75]}},{"__type__":"cc.SpriteFrame","content":{"name":"bear_column_26","texture":"9dPjoifAlG2JSIoQ5KzPjn","rect":[2,210,76,70],"offset":[0,0],"originalSize":[82,74]}},{"__type__":"cc.SpriteFrame","content":{"name":"bear_wrap_04","texture":"9dPjoifAlG2JSIoQ5KzPjn","rect":[484,427,81,75],"offset":[0,0],"originalSize":[81,75]}},{"__type__":"cc.SpriteFrame","content":{"name":"bear_line_26","texture":"9dPjoifAlG2JSIoQ5KzPjn","rect":[889,2,76,69],"offset":[-1,0],"originalSize":[80,73]}},{"__type__":"cc.SpriteFrame","content":{"name":"bear_wrap_21","texture":"9dPjoifAlG2JSIoQ5KzPjn","rect":[875,354,79,73],"offset":[0,0],"originalSize":[81,75]}},{"__type__":"cc.SpriteFrame","content":{"name":"bear_column_27","texture":"9dPjoifAlG2JSIoQ5KzPjn","rect":[78,210,76,70],"offset":[0,0],"originalSize":[82,74]}},{"__type__":"cc.SpriteFrame","content":{"name":"bear_click_24","texture":"9dPjoifAlG2JSIoQ5KzPjn","rect":[508,71,70,69],"offset":[0,0],"originalSize":[70,69]}},{"__type__":"cc.SpriteAtlas","_name":"bear.plist","_spriteFrames":{"bear_click_00":{"__uuid__":"88jxPQyshDB64IDmtd0pMB"},"bear_click_01":{"__uuid__":"9cdnVdEH1KiqmTfeHYX3Br"},"bear_click_10":{"__uuid__":"64/KJAh/5G8KTijtpPHsJw"},"bear_click_11":{"__uuid__":"e5SpMSDbpE1K6HxGTtlg4B"},"bear_click_12":{"__uuid__":"e4OOzVEj9K97Ux2qqMBMLH"},"bear_click_13":{"__uuid__":"f54sqguLNAKqgKnnd4soT9"},"bear_click_14":{"__uuid__":"00wWPfkAhDubFwQvo6vJJN"},"bear_click_15":{"__uuid__":"f8YUvtlilJZYQm1ARZb5jD"},"bear_click_16":{"__uuid__":"6bV2MKN6ZISZhEVG3hbId9"},"bear_click_17":{"__uuid__":"e8/AfbjbNBI6HtlqowgQZO"},"bear_click_18":{"__uuid__":"84v+Eqq9NPm5JQpEhHRdTS"},"bear_click_19":{"__uuid__":"1dHQXQxy1Ej53+a/TkN8Zd"},"bear_click_02":{"__uuid__":"7bo8AX2N5Hzr77uMkLVwBM"},"bear_click_20":{"__uuid__":"c5UE0r55VFspb+oTf8iUCl"},"bear_click_21":{"__uuid__":"39ebqEMBBAl7jNd5A/HcO/"},"bear_click_22":{"__uuid__":"67kyMqTMFEbabBC/gBbmqM"},"bear_click_23":{"__uuid__":"91z8XBIW9Kork6Qjqdvigi"},"bear_click_24":{"__uuid__":"e0GOhTZrJMzYJ1L23CznfX"},"bear_click_25":{"__uuid__":"80Io2W8r1CX5evAZpb9Vzc"},"bear_click_26":{"__uuid__":"9e8+fUc1JAk6W6iasPV0Y1"},"bear_click_27":{"__uuid__":"1eVt3uok9AQKZ1zxLYXMsq"},"bear_click_28":{"__uuid__":"64w+c3+KpEG6wW/ywWtsoE"},"bear_click_29":{"__uuid__":"f5+58mDyVArZSZooPx2vkh"},"bear_click_03":{"__uuid__":"4d8ej5CV5IBLL42TtIQGTG"},"bear_click_04":{"__uuid__":"9fOwz7t+JAXbcT1YFjsjUo"},"bear_click_05":{"__uuid__":"a92rlWnN9AIasGd5Z6mXqv"},"bear_click_06":{"__uuid__":"d050anOkpH5p4yRPvAXvzY"},"bear_click_07":{"__uuid__":"daewonW7VMiahFmq4E0S5M"},"bear_click_08":{"__uuid__":"7dprNwgaJL6oErnz5xjvKq"},"bear_click_09":{"__uuid__":"46UD+uUIhOXrHqhheHON/O"},"bear_column_00":{"__uuid__":"1feTOwwylN7bUdr7iaMx8q"},"bear_column_01":{"__uuid__":"afp5nDXUlLYLt4XIoXKHK0"},"bear_column_10":{"__uuid__":"bbMBLmh9BH26zQrtcMf9ib"},"bear_column_11":{"__uuid__":"83m6TgAx1IyZurmG9qWVWj"},"bear_column_12":{"__uuid__":"fbGRcCBNlN8aLzmQtcWxJx"},"bear_column_13":{"__uuid__":"afdqhs3QJCk6sxYu7EwR8Z"},"bear_column_14":{"__uuid__":"f6lwjjkmBBKY/s9k8Vkpxg"},"bear_column_15":{"__uuid__":"1dSQdpmaRKEKTqzGYenJtc"},"bear_column_16":{"__uuid__":"6apC79rFVML6QSXt7yyiLB"},"bear_column_17":{"__uuid__":"587sFqTGxCaYrD7UeXy53p"},"bear_column_18":{"__uuid__":"29vapTHEBIFo6p3lCx3W0R"},"bear_column_19":{"__uuid__":"a79e2+iv1BKLto+hYv304D"},"bear_column_02":{"__uuid__":"4bheY8gq9Lnac25Y2alnJh"},"bear_column_20":{"__uuid__":"d7uO0LEYtJspyMZ5LqSJrq"},"bear_column_21":{"__uuid__":"bbDSL3d6dHSJoTiPlnLXWF"},"bear_column_22":{"__uuid__":"e3lJZkolhNM4DzBESN/ls/"},"bear_column_23":{"__uuid__":"c6zUD6j1NIt73iFFAJhx1Y"},"bear_column_24":{"__uuid__":"66QoIaOaBFzqcsAV2mr6+o"},"bear_column_25":{"__uuid__":"6de1yhTkRNpbtWWMwrxpQP"},"bear_column_26":{"__uuid__":"ddp0hQvVNM+qCB9B39RcGv"},"bear_column_27":{"__uuid__":"e0AHYPmh1Oa76HEYNLGo+9"},"bear_column_28":{"__uuid__":"46TwE7DuNL64hltX5yV52A"},"bear_column_29":{"__uuid__":"6a+jF8NTFBQoNh+wyXQWyC"},"bear_column_03":{"__uuid__":"eaESP41hZBVYGRNI4dbYB4"},"bear_column_04":{"__uuid__":"13uRopeR9GNaRXQpdp7PX1"},"bear_column_05":{"__uuid__":"b3lhjN03VCHoU24pdXU+MR"},"bear_column_06":{"__uuid__":"b7q6GObe1GV6T7z8AxrB2u"},"bear_column_07":{"__uuid__":"3dRNfmJqdC6pJ7Kg6EsKVt"},"bear_column_08":{"__uuid__":"a3DH3F+aJCgq1w8SsCY77O"},"bear_column_09":{"__uuid__":"00ryRlgd1ImKaPESimZ1mB"},"bear_line_00":{"__uuid__":"3cqhC3aQZCNphrh5e5gmV8"},"bear_line_01":{"__uuid__":"c2QLSnIcNHHJ58wnAsK1lM"},"bear_line_10":{"__uuid__":"8eXbuRLF9B7IJZlaEy9YvU"},"bear_line_11":{"__uuid__":"00M8tvjbVAKpWexmFq/mDP"},"bear_line_12":{"__uuid__":"6eeH+Fzp9AFqNw0/Izd81s"},"bear_line_13":{"__uuid__":"0bBOWT9kRFRYGz8b0TZKZq"},"bear_line_14":{"__uuid__":"c8KuhSJjVGp54X2WBG5GfM"},"bear_line_15":{"__uuid__":"71ENf1i5NPAYPocx8CMDrH"},"bear_line_16":{"__uuid__":"1fIYpTim5HSaxzLtBd19od"},"bear_line_17":{"__uuid__":"465H6Kgt1OCpliopCd82YZ"},"bear_line_18":{"__uuid__":"cfwbB/ENZFOL753B0Bm92Q"},"bear_line_19":{"__uuid__":"44bjkGPY9DtZUXbt+9wNct"},"bear_line_02":{"__uuid__":"8fDpRW+F5Lw7u6JP/6H+f+"},"bear_line_20":{"__uuid__":"c2FIddH2BKxpEB6sDvzkLB"},"bear_line_21":{"__uuid__":"58rbH7kY1P/r9Gi+QNZ15y"},"bear_line_22":{"__uuid__":"a0sBEobWBFApLmQOii8VbM"},"bear_line_23":{"__uuid__":"60vgpZGt1BhZTs3REfKOku"},"bear_line_24":{"__uuid__":"a8vGnMDJRNbJ2+xbvMOlMW"},"bear_line_25":{"__uuid__":"b8YtBgGExCdbEIfxy+b6eR"},"bear_line_26":{"__uuid__":"de3AHat0JO65kwSu2WeLke"},"bear_line_27":{"__uuid__":"1bfMLlEoBHw60PD9XcKw9e"},"bear_line_28":{"__uuid__":"e9mrXnSj5AW6/c09kefqdS"},"bear_line_29":{"__uuid__":"8c0IpV9mxH95Bn05plrIZv"},"bear_line_03":{"__uuid__":"0999amoPFN5ac8ixnlPH6J"},"bear_line_04":{"__uuid__":"90+7hu0ihHHrH51hY/axiR"},"bear_line_05":{"__uuid__":"bahy2et+xFHI15cJWpW5Wy"},"bear_line_06":{"__uuid__":"e26fdJcWlBv4Z0Yjw2UgwX"},"bear_line_07":{"__uuid__":"5cmwfVSI9O75k5AXE5Dy0H"},"bear_line_08":{"__uuid__":"b86DJizp5NWJVsz5CVcLuJ"},"bear_line_09":{"__uuid__":"05osjiiBBG6JBm8Qq5Ht/j"},"bear_wrap_00":{"__uuid__":"478y0SjrxL17rMM8KOCuX4"},"bear_wrap_01":{"__uuid__":"37vkzYSY1N2rlr6uzaLFcX"},"bear_wrap_10":{"__uuid__":"c16/QbZMtOXZHSb7ahBuEC"},"bear_wrap_11":{"__uuid__":"14jaS7f2FBAofQmAlMdu5C"},"bear_wrap_12":{"__uuid__":"15Q7iLXwJMxIuZY4zoq5uK"},"bear_wrap_13":{"__uuid__":"c08jWjZPhNJYio0ynBD5X8"},"bear_wrap_14":{"__uuid__":"bf6pKDwKxMpZ/6r9+e/QBi"},"bear_wrap_15":{"__uuid__":"0eCMz26JhJCJG8DbAcoUFs"},"bear_wrap_16":{"__uuid__":"ecU3dgjC5LVr2H8gaI4gaW"},"bear_wrap_17":{"__uuid__":"89QfomM09HQ4lqEi3BfH1z"},"bear_wrap_18":{"__uuid__":"cd+JYp89lOYpcLjKCdeC5i"},"bear_wrap_19":{"__uuid__":"e80hXWeHhGooTwKM3+f/pR"},"bear_wrap_02":{"__uuid__":"78Y0HopGdEAYrcTX0FexXr"},"bear_wrap_20":{"__uuid__":"4fLoi6dfFIJJE5LCdKVILQ"},"bear_wrap_21":{"__uuid__":"dfrP78dSVPq4SKrkI5kGvE"},"bear_wrap_22":{"__uuid__":"8eEfOLuuFGBo58kqy5Mg/z"},"bear_wrap_23":{"__uuid__":"ecZNXUPzZLArZdNWtInBDU"},"bear_wrap_24":{"__uuid__":"2aaAzTqr1EMZiTJqqddlZ5"},"bear_wrap_25":{"__uuid__":"c2FXyd9YVKDrg4Mksa4+BW"},"bear_wrap_26":{"__uuid__":"edp9shYSZM2Z6yE+g5TVUG"},"bear_wrap_27":{"__uuid__":"f1YWowT9tBOoCJNYvQDolv"},"bear_wrap_28":{"__uuid__":"a7dTdTbotNdYm8xMIcUGyB"},"bear_wrap_29":{"__uuid__":"36KnoS8fVOC4BPSa5+OQwL"},"bear_wrap_03":{"__uuid__":"0fcRDzEH5MK74AdJ08r4kT"},"bear_wrap_30":{"__uuid__":"08eKRNgBBG6Zx/OYRY9ePS"},"bear_wrap_31":{"__uuid__":"15KCkJN/5FIK+El9SeKcko"},"bear_wrap_32":{"__uuid__":"40HC7A9cVHlbyCcvw5QOEs"},"bear_wrap_33":{"__uuid__":"9aqLD/KStJVaGK6L+/NW5g"},"bear_wrap_34":{"__uuid__":"eerikFGm5C0qj3mBiHFfyH"},"bear_wrap_35":{"__uuid__":"a9Wwzj00dN6qLCUjyf/A2v"},"bear_wrap_36":{"__uuid__":"dao6OxD7RDkYvdyCVB3ooX"},"bear_wrap_37":{"__uuid__":"01COyimF9Nh4hLBfzuMvhx"},"bear_wrap_38":{"__uuid__":"98G9iq5I5OcZjD+Op/DM0j"},"bear_wrap_39":{"__uuid__":"726rqZUeRBI44a6h7QhGI7"},"bear_wrap_04":{"__uuid__":"deTVcWSSNLErMtQcpBdG5d"},"bear_wrap_40":{"__uuid__":"4bzHJU5D1NcJqURRMb2y44"},"bear_wrap_41":{"__uuid__":"9dnmfkgqxLl7C6yrWbvdpw"},"bear_wrap_42":{"__uuid__":"c0biCaqo1O2ayDLoECnGGK"},"bear_wrap_43":{"__uuid__":"60GmuJnuhEWKRUpmToV8ux"},"bear_wrap_44":{"__uuid__":"90oLDtK8ZO0L3nbUrhbOWO"},"bear_wrap_45":{"__uuid__":"93m+it3D5NEKqWyIVxNVwi"},"bear_wrap_46":{"__uuid__":"cdYpVsouJPTYFfI13YaT+o"},"bear_wrap_47":{"__uuid__":"26TqXeEzdDLZs/JRIz59ue"},"bear_wrap_48":{"__uuid__":"63ofSu/K9ErI/6qHotjuuv"},"bear_wrap_05":{"__uuid__":"09q1VWlcpNZ7r/aEkD9PGq"},"bear_wrap_06":{"__uuid__":"c2byOPhVNIEL+ki8Vm2Fb+"},"bear_wrap_07":{"__uuid__":"bdGaL7nE5E/7C5HA17to1S"},"bear_wrap_08":{"__uuid__":"b3XXpxh1BIcqugNV3ZSmN2"},"bear_wrap_09":{"__uuid__":"e4E/AGpjNA/bKkyiummFFB"}}},{"__type__":"cc.SpriteFrame","content":{"name":"bear_line_06","texture":"9dPjoifAlG2JSIoQ5KzPjn","rect":[557,354,80,73],"offset":[0,0],"originalSize":[80,73]}},{"__type__":"cc.SpriteFrame","content":{"name":"bear_column_22","texture":"9dPjoifAlG2JSIoQ5KzPjn","rect":[224,2,74,68],"offset":[0,0],"originalSize":[82,74]}},{"__type__":"cc.SpriteFrame","content":{"name":"bear_wrap_09","texture":"9dPjoifAlG2JSIoQ5KzPjn","rect":[520,2,75,69],"offset":[0,1],"originalSize":[81,75]}},{"__type__":"cc.SpriteFrame","content":{"name":"bear_click_12","texture":"9dPjoifAlG2JSIoQ5KzPjn","rect":[858,71,70,69],"offset":[0,0],"originalSize":[70,69]}},{"__type__":"cc.SpriteFrame","content":{"name":"bear_click_11","texture":"9dPjoifAlG2JSIoQ5KzPjn","rect":[72,140,70,69],"offset":[0,0],"originalSize":[70,69]}},{"__type__":"cc.SpriteFrame","content":{"name":"bear_wrap_19","texture":"9dPjoifAlG2JSIoQ5KzPjn","rect":[387,210,77,71],"offset":[0,0],"originalSize":[81,75]}},{"__type__":"cc.SpriteFrame","content":{"name":"bear_click_17","texture":"9dPjoifAlG2JSIoQ5KzPjn","rect":[718,71,70,69],"offset":[0,0],"originalSize":[70,69]}},{"__type__":"cc.SpriteFrame","content":{"name":"bear_line_28","texture":"9dPjoifAlG2JSIoQ5KzPjn","rect":[471,281,76,71],"offset":[-1,1],"originalSize":[80,73]}},{"__type__":"cc.SpriteFrame","content":{"name":"bear_column_03","texture":"9dPjoifAlG2JSIoQ5KzPjn","rect":[781,281,80,72],"offset":[0,0],"originalSize":[82,74]}},{"__type__":"cc.SpriteFrame","content":{"name":"bear_wrap_16","texture":"9dPjoifAlG2JSIoQ5KzPjn","rect":[717,354,79,73],"offset":[-1,0],"originalSize":[81,75]}},{"__type__":"cc.SpriteFrame","content":{"name":"bear_wrap_23","texture":"9dPjoifAlG2JSIoQ5KzPjn","rect":[398,354,79,73],"offset":[0,0],"originalSize":[81,75]}},{"__type__":"cc.SpriteFrame","content":{"name":"bear_wrap_26","texture":"9dPjoifAlG2JSIoQ5KzPjn","rect":[669,2,75,69],"offset":[0,0],"originalSize":[81,75]}},{"__type__":"cc.SpriteFrame","content":{"name":"bear_wrap_34","texture":"9dPjoifAlG2JSIoQ5KzPjn","rect":[669,2,75,69],"offset":[0,0],"originalSize":[81,75]}},{"__type__":"cc.SpriteFrame","content":{"name":"bear_wrap_27","texture":"9dPjoifAlG2JSIoQ5KzPjn","rect":[387,210,77,71],"offset":[0,0],"originalSize":[81,75]}},{"__type__":"cc.SpriteFrame","content":{"name":"bear_click_13","texture":"9dPjoifAlG2JSIoQ5KzPjn","rect":[2,140,70,69],"offset":[0,0],"originalSize":[70,69]}},{"__type__":"cc.SpriteFrame","content":{"name":"bear_click_29","texture":"9dPjoifAlG2JSIoQ5KzPjn","rect":[298,71,70,69],"offset":[0,0],"originalSize":[70,69]}},{"__type__":"cc.SpriteFrame","content":{"name":"bear_column_14","texture":"9dPjoifAlG2JSIoQ5KzPjn","rect":[734,140,78,70],"offset":[-1,0],"originalSize":[82,74]}},{"__type__":"cc.SpriteFrame","content":{"name":"bear_click_15","texture":"9dPjoifAlG2JSIoQ5KzPjn","rect":[718,71,70,69],"offset":[0,0],"originalSize":[70,69]}},{"__type__":"cc.SpriteFrame","content":{"name":"bear_column_12","texture":"9dPjoifAlG2JSIoQ5KzPjn","rect":[625,281,78,72],"offset":[0,0],"originalSize":[82,74]}}]