[{"__type__":"cc.SpriteFrame","content":{"name":"fox_column_01","texture":"97nOgiU6dBUrIECXxa1iIv","rect":[314,447,78,73],"offset":[0,0],"originalSize":[80,73]}},{"__type__":"cc.SpriteFrame","content":{"name":"fox_click_16","texture":"97nOgiU6dBUrIECXxa1iIv","rect":[478,778,68,61],"offset":[0,-3],"originalSize":[68,67]}},{"__type__":"cc.SpriteFrame","content":{"name":"fox_column_22","texture":"97nOgiU6dBUrIECXxa1iIv","rect":[301,805,74,71],"offset":[0,1],"originalSize":[80,73],"rotated":1}},{"__type__":"cc.SpriteFrame","content":{"name":"fox_wrap_04","texture":"97nOgiU6dBUrIECXxa1iIv","rect":[162,78,80,76],"offset":[0,0],"originalSize":[80,76]}},{"__type__":"cc.SpriteFrame","content":{"name":"fox_wrap_20","texture":"97nOgiU6dBUrIECXxa1iIv","rect":[372,805,76,70],"offset":[0,-1],"originalSize":[80,76]}},{"__type__":"cc.SpriteFrame","content":{"name":"fox_line_13","texture":"97nOgiU6dBUrIECXxa1iIv","rect":[2,522,78,72],"offset":[-1,0],"originalSize":[80,76]}},{"__type__":"cc.SpriteFrame","content":{"name":"fox_click_22","texture":"97nOgiU6dBUrIECXxa1iIv","rect":[482,138,68,63],"offset":[0,-2],"originalSize":[68,67],"rotated":1}},{"__type__":"cc.SpriteFrame","content":{"name":"fox_column_27","texture":"97nOgiU6dBUrIECXxa1iIv","rect":[2,881,76,71],"offset":[0,1],"originalSize":[80,73],"rotated":1}},{"__type__":"cc.SpriteFrame","content":{"name":"fox_click_28","texture":"97nOgiU6dBUrIECXxa1iIv","rect":[482,138,68,63],"offset":[0,-2],"originalSize":[68,67],"rotated":1}},{"__type__":"cc.SpriteFrame","content":{"name":"fox_column_23","texture":"97nOgiU6dBUrIECXxa1iIv","rect":[301,805,74,71],"offset":[0,1],"originalSize":[80,73],"rotated":1}},{"__type__":"cc.SpriteFrame","content":{"name":"fox_click_08","texture":"97nOgiU6dBUrIECXxa1iIv","rect":[274,955,68,65],"offset":[0,-1],"originalSize":[68,67]}},{"__type__":"cc.SpriteFrame","content":{"name":"fox_click_10","texture":"97nOgiU6dBUrIECXxa1iIv","rect":[154,811,68,67],"offset":[0,0],"originalSize":[68,67],"rotated":1}},{"__type__":"cc.SpriteFrame","content":{"name":"fox_line_09","texture":"97nOgiU6dBUrIECXxa1iIv","rect":[242,78,80,76],"offset":[0,0],"originalSize":[80,76]}},{"__type__":"cc.SpriteFrame","content":{"name":"fox_line_06","texture":"97nOgiU6dBUrIECXxa1iIv","rect":[322,78,80,76],"offset":[0,0],"originalSize":[80,76]}},{"__type__":"cc.SpriteFrame","content":{"name":"fox_click_11","texture":"97nOgiU6dBUrIECXxa1iIv","rect":[342,955,68,63],"offset":[0,-2],"originalSize":[68,67]}},{"__type__":"cc.SpriteFrame","content":{"name":"fox_wrap_33","texture":"97nOgiU6dBUrIECXxa1iIv","rect":[156,667,76,72],"offset":[0,0],"originalSize":[80,76]}},{"__type__":"cc.SpriteFrame","content":{"name":"fox_wrap_07","texture":"97nOgiU6dBUrIECXxa1iIv","rect":[322,225,78,74],"offset":[-1,0],"originalSize":[80,76]}},{"__type__":"cc.SpriteFrame","content":{"name":"fox_click_07","texture":"97nOgiU6dBUrIECXxa1iIv","rect":[482,2,68,63],"offset":[0,-2],"originalSize":[68,67],"rotated":1}},{"__type__":"cc.SpriteFrame","content":{"name":"fox_column_20","texture":"97nOgiU6dBUrIECXxa1iIv","rect":[301,805,74,71],"offset":[0,1],"originalSize":[80,73],"rotated":1}},{"__type__":"cc.SpriteFrame","content":{"name":"fox_click_25","texture":"97nOgiU6dBUrIECXxa1iIv","rect":[482,138,68,63],"offset":[0,-2],"originalSize":[68,67],"rotated":1}},{"__type__":"cc.SpriteFrame","content":{"name":"fox_line_02","texture":"97nOgiU6dBUrIECXxa1iIv","rect":[2,376,78,74],"offset":[0,1],"originalSize":[80,76]}},{"__type__":"cc.SpriteFrame","content":{"name":"fox_line_16","texture":"97nOgiU6dBUrIECXxa1iIv","rect":[462,706,76,72],"offset":[-1,1],"originalSize":[80,76]}},{"__type__":"cc.SpriteFrame","content":{"name":"fox_wrap_46","texture":"97nOgiU6dBUrIECXxa1iIv","rect":[2,228,78,74],"offset":[0,1],"originalSize":[80,76]}},{"__type__":"cc.SpriteFrame","content":{"name":"fox_wrap_29","texture":"97nOgiU6dBUrIECXxa1iIv","rect":[162,2,80,76],"offset":[0,0],"originalSize":[80,76]}},{"__type__":"cc.SpriteFrame","content":{"name":"fox_wrap_14","texture":"97nOgiU6dBUrIECXxa1iIv","rect":[2,78,80,76],"offset":[0,0],"originalSize":[80,76]}},{"__type__":"cc.SpriteFrame","content":{"name":"fox_column_07","texture":"97nOgiU6dBUrIECXxa1iIv","rect":[322,154,80,71],"offset":[0,-1],"originalSize":[80,73]}},{"__type__":"cc.SpriteFrame","content":{"name":"fox_column_25","texture":"97nOgiU6dBUrIECXxa1iIv","rect":[73,881,76,71],"offset":[-1,1],"originalSize":[80,73],"rotated":1}},{"__type__":"cc.SpriteFrame","content":{"name":"fox_line_20","texture":"97nOgiU6dBUrIECXxa1iIv","rect":[78,808,76,72],"offset":[-2,1],"originalSize":[80,76]}},{"__type__":"cc.SpriteFrame","content":{"name":"fox_click_19","texture":"97nOgiU6dBUrIECXxa1iIv","rect":[2,957,68,63],"offset":[0,-2],"originalSize":[68,67]}},{"__type__":"cc.SpriteFrame","content":{"name":"fox_line_03","texture":"97nOgiU6dBUrIECXxa1iIv","rect":[162,154,80,74],"offset":[0,0],"originalSize":[80,76]}},{"__type__":"cc.SpriteFrame","content":{"name":"fox_column_26","texture":"97nOgiU6dBUrIECXxa1iIv","rect":[470,414,76,73],"offset":[0,0],"originalSize":[80,73]}},{"__type__":"cc.SpriteFrame","content":{"name":"fox_column_18","texture":"97nOgiU6dBUrIECXxa1iIv","rect":[144,880,76,71],"offset":[-1,1],"originalSize":[80,73],"rotated":1}},{"__type__":"cc.SpriteFrame","content":{"name":"fox_line_11","texture":"97nOgiU6dBUrIECXxa1iIv","rect":[80,376,78,74],"offset":[0,1],"originalSize":[80,76]}},{"__type__":"cc.SpriteFrame","content":{"name":"fox_wrap_37","texture":"97nOgiU6dBUrIECXxa1iIv","rect":[314,299,78,74],"offset":[0,1],"originalSize":[80,76]}},{"__type__":"cc.SpriteFrame","content":{"name":"fox_click_03","texture":"97nOgiU6dBUrIECXxa1iIv","rect":[410,955,68,63],"offset":[0,-2],"originalSize":[68,67]}},{"__type__":"cc.SpriteFrame","content":{"name":"fox_wrap_25","texture":"97nOgiU6dBUrIECXxa1iIv","rect":[236,370,78,74],"offset":[0,0],"originalSize":[80,76]}},{"__type__":"cc.SpriteFrame","content":{"name":"fox_wrap_26","texture":"97nOgiU6dBUrIECXxa1iIv","rect":[2,154,80,74],"offset":[0,0],"originalSize":[80,76]}},{"__type__":"cc.SpriteFrame","content":{"name":"fox_column_21","texture":"97nOgiU6dBUrIECXxa1iIv","rect":[301,805,74,71],"offset":[0,1],"originalSize":[80,73],"rotated":1}},{"__type__":"cc.SpriteFrame","content":{"name":"fox_wrap_35","texture":"97nOgiU6dBUrIECXxa1iIv","rect":[234,661,76,72],"offset":[0,0],"originalSize":[80,76]}},{"__type__":"cc.SpriteFrame","content":{"name":"fox_click_02","texture":"97nOgiU6dBUrIECXxa1iIv","rect":[410,955,68,63],"offset":[0,-2],"originalSize":[68,67]}},{"__type__":"cc.SpriteFrame","content":{"name":"fox_wrap_39","texture":"97nOgiU6dBUrIECXxa1iIv","rect":[402,152,80,74],"offset":[0,0],"originalSize":[80,76]}},{"__type__":"cc.SpriteFrame","content":{"name":"fox_column_10","texture":"97nOgiU6dBUrIECXxa1iIv","rect":[242,225,80,71],"offset":[0,-1],"originalSize":[80,73]}},{"__type__":"cc.SpriteFrame","content":{"name":"fox_wrap_32","texture":"97nOgiU6dBUrIECXxa1iIv","rect":[2,302,78,74],"offset":[-1,1],"originalSize":[80,76]}},{"__type__":"cc.SpriteFrame","content":{"name":"fox_column_06","texture":"97nOgiU6dBUrIECXxa1iIv","rect":[322,154,80,71],"offset":[0,-1],"originalSize":[80,73]}},{"__type__":"cc.SpriteFrame","content":{"name":"fox_wrap_40","texture":"97nOgiU6dBUrIECXxa1iIv","rect":[82,2,80,76],"offset":[0,0],"originalSize":[80,76]}},{"__type__":"cc.SpriteFrame","content":{"name":"fox_wrap_31","texture":"97nOgiU6dBUrIECXxa1iIv","rect":[80,302,78,74],"offset":[0,1],"originalSize":[80,76]}},{"__type__":"cc.SpriteFrame","content":{"name":"fox_wrap_05","texture":"97nOgiU6dBUrIECXxa1iIv","rect":[2,2,80,76],"offset":[0,0],"originalSize":[80,76]}},{"__type__":"cc.SpriteFrame","content":{"name":"fox_column_02","texture":"97nOgiU6dBUrIECXxa1iIv","rect":[314,592,78,71],"offset":[0,0],"originalSize":[80,73]}},{"__type__":"cc.SpriteFrame","content":{"name":"fox_click_18","texture":"97nOgiU6dBUrIECXxa1iIv","rect":[70,957,68,63],"offset":[0,-2],"originalSize":[68,67]}},{"__type__":"cc.SpriteFrame","content":{"name":"fox_column_08","texture":"97nOgiU6dBUrIECXxa1iIv","rect":[322,154,80,71],"offset":[0,-1],"originalSize":[80,73]}},{"__type__":"cc.SpriteFrame","content":{"name":"fox_click_12","texture":"97nOgiU6dBUrIECXxa1iIv","rect":[478,957,68,55],"offset":[0,-6],"originalSize":[68,67]}},{"__type__":"cc.SpriteFrame","content":{"name":"fox_wrap_09","texture":"97nOgiU6dBUrIECXxa1iIv","rect":[308,735,76,70],"offset":[-1,0],"originalSize":[80,76]}},{"__type__":"cc.SpriteFrame","content":{"name":"fox_click_06","texture":"97nOgiU6dBUrIECXxa1iIv","rect":[482,70,68,63],"offset":[0,-2],"originalSize":[68,67],"rotated":1}},{"__type__":"cc.SpriteFrame","content":{"name":"fox_wrap_00","texture":"97nOgiU6dBUrIECXxa1iIv","rect":[162,78,80,76],"offset":[0,0],"originalSize":[80,76]}},{"__type__":"cc.SpriteFrame","content":{"name":"fox_wrap_44","texture":"97nOgiU6dBUrIECXxa1iIv","rect":[2,665,76,72],"offset":[0,0],"originalSize":[80,76]}},{"__type__":"cc.SpriteFrame","content":{"name":"fox_click_01","texture":"97nOgiU6dBUrIECXxa1iIv","rect":[410,955,68,63],"offset":[0,-2],"originalSize":[68,67]}},{"__type__":"cc.SpriteFrame","content":{"name":"fox_wrap_42","texture":"97nOgiU6dBUrIECXxa1iIv","rect":[392,448,78,72],"offset":[-1,0],"originalSize":[80,76]}},{"__type__":"cc.SpriteFrame","content":{"name":"fox_wrap_18","texture":"97nOgiU6dBUrIECXxa1iIv","rect":[80,594,78,70],"offset":[-1,-2],"originalSize":[80,76]}},{"__type__":"cc.SpriteFrame","content":{"name":"fox_wrap_06","texture":"97nOgiU6dBUrIECXxa1iIv","rect":[400,226,78,74],"offset":[0,1],"originalSize":[80,76]}},{"__type__":"cc.SpriteFrame","content":{"name":"fox_click_15","texture":"97nOgiU6dBUrIECXxa1iIv","rect":[478,839,68,59],"offset":[0,-4],"originalSize":[68,67]}},{"__type__":"cc.SpriteFrame","content":{"name":"fox_line_27","texture":"97nOgiU6dBUrIECXxa1iIv","rect":[310,663,76,72],"offset":[-1,1],"originalSize":[80,76]}},{"__type__":"cc.SpriteFrame","content":{"name":"fox_click_17","texture":"97nOgiU6dBUrIECXxa1iIv","rect":[138,957,68,63],"offset":[0,-2],"originalSize":[68,67]}},{"__type__":"cc.SpriteFrame","content":{"name":"fox_click_09","texture":"97nOgiU6dBUrIECXxa1iIv","rect":[478,274,68,67],"offset":[0,0],"originalSize":[68,67]}},{"__type__":"cc.SpriteFrame","content":{"name":"fox_line_14","texture":"97nOgiU6dBUrIECXxa1iIv","rect":[392,520,78,72],"offset":[-1,0],"originalSize":[80,76]}},{"__type__":"cc.SpriteFrame","content":{"name":"fox_column_17","texture":"97nOgiU6dBUrIECXxa1iIv","rect":[215,879,76,71],"offset":[0,1],"originalSize":[80,73],"rotated":1}},{"__type__":"cc.SpriteFrame","content":{"name":"fox_wrap_22","texture":"97nOgiU6dBUrIECXxa1iIv","rect":[78,736,76,72],"offset":[0,0],"originalSize":[80,76]}},{"__type__":"cc.SpriteFrame","content":{"name":"fox_line_22","texture":"97nOgiU6dBUrIECXxa1iIv","rect":[78,808,76,72],"offset":[-2,1],"originalSize":[80,76]}},{"__type__":"cc.SpriteFrame","content":{"name":"fox_click_13","texture":"97nOgiU6dBUrIECXxa1iIv","rect":[478,898,68,59],"offset":[0,-4],"originalSize":[68,67]}},{"__type__":"cc.SpriteFrame","content":{"name":"fox_line_26","texture":"97nOgiU6dBUrIECXxa1iIv","rect":[232,733,76,72],"offset":[-1,1],"originalSize":[80,76]}},{"__type__":"cc.SpriteFrame","content":{"name":"fox_wrap_01","texture":"97nOgiU6dBUrIECXxa1iIv","rect":[162,78,80,76],"offset":[0,0],"originalSize":[80,76]}},{"__type__":"cc.SpriteFrame","content":{"name":"fox_line_21","texture":"97nOgiU6dBUrIECXxa1iIv","rect":[78,808,76,72],"offset":[-2,1],"originalSize":[80,76]}},{"__type__":"cc.SpriteFrame","content":{"name":"fox_wrap_23","texture":"97nOgiU6dBUrIECXxa1iIv","rect":[80,450,78,72],"offset":[-1,0],"originalSize":[80,76]}},{"__type__":"cc.SpriteFrame","content":{"name":"fox_click_23","texture":"97nOgiU6dBUrIECXxa1iIv","rect":[482,138,68,63],"offset":[0,-2],"originalSize":[68,67],"rotated":1}},{"__type__":"cc.SpriteFrame","content":{"name":"fox_column_12","texture":"97nOgiU6dBUrIECXxa1iIv","rect":[392,592,78,71],"offset":[0,0],"originalSize":[80,73]}},{"__type__":"cc.SpriteFrame","content":{"name":"fox_wrap_43","texture":"97nOgiU6dBUrIECXxa1iIv","rect":[308,735,76,70],"offset":[-1,0],"originalSize":[80,76]}},{"__type__":"cc.SpriteFrame","content":{"name":"fox_wrap_13","texture":"97nOgiU6dBUrIECXxa1iIv","rect":[82,78,80,76],"offset":[0,0],"originalSize":[80,76]}},{"__type__":"cc.SpriteAtlas","_name":"fox.plist","_spriteFrames":{"fox_click_00":{"__uuid__":"e1D+eFVhhNDaYoeILeu8iL"},"fox_click_01":{"__uuid__":"65yH3FemRB6ZWaD/yNv/4N"},"fox_click_10":{"__uuid__":"11UoRRispDKZjV8POR1+xc"},"fox_click_11":{"__uuid__":"1429XQm/dOt4XwCQmbiSz1"},"fox_click_12":{"__uuid__":"5ewhk4fbFAtr6bO/ra7WEm"},"fox_click_13":{"__uuid__":"767X/d4w5FxqRmj4GK6zez"},"fox_click_14":{"__uuid__":"9eEnuzaXBJCqDx+TfIuani"},"fox_click_15":{"__uuid__":"6b6hrMYrxCDKhRlIWfspE8"},"fox_click_16":{"__uuid__":"01IRazGGJD1Zke9oXn3U35"},"fox_click_17":{"__uuid__":"6d2vHHFvpItZfxy3HGJHCV"},"fox_click_18":{"__uuid__":"5dayQ/rC5LCLZbhPUs5XcU"},"fox_click_19":{"__uuid__":"2dJkm1jehDVr7eR3vX+6+a"},"fox_click_02":{"__uuid__":"4daIuFm2xIt4LP5H+4iJfD"},"fox_click_20":{"__uuid__":"bfgUlGKOlClqhLhL7KcNBV"},"fox_click_21":{"__uuid__":"8cmJ19UqxJ7I9zGHm1aNOd"},"fox_click_22":{"__uuid__":"05jPN/8B5EFJqeA88oNHli"},"fox_click_23":{"__uuid__":"7bFm75ffhFurLtGQSyJGMA"},"fox_click_24":{"__uuid__":"a2qqlhmD9DVKjuH6PPcR/t"},"fox_click_25":{"__uuid__":"21klYNBo1IBIS1AZJbE6bA"},"fox_click_26":{"__uuid__":"9csGuVsRtCjbMUTR8qR+tZ"},"fox_click_27":{"__uuid__":"d7GwsFQAZNHIsXXuWEyF41"},"fox_click_28":{"__uuid__":"0eN33GzqVPuKHcAMbhGoLa"},"fox_click_29":{"__uuid__":"acQfr0gFxIiblsjdJlR/Ht"},"fox_click_03":{"__uuid__":"3eB3yiuOlI8IPqkdb/LbAL"},"fox_click_04":{"__uuid__":"c8j3H9jllGRIeRXMfL6pEl"},"fox_click_05":{"__uuid__":"e7QlT3EIVOhJsjgfKnV+1g"},"fox_click_06":{"__uuid__":"63acg5nOdM1ajnWoxNGShX"},"fox_click_07":{"__uuid__":"19ufVZYBNJ87Sn+67I6okN"},"fox_click_08":{"__uuid__":"10cg6hVIFNl6vQ41qEb/xX"},"fox_click_09":{"__uuid__":"6evjm4uMJMxISZIq15XaT2"},"fox_column_00":{"__uuid__":"c9OTUsMIJGLI4ECFYraww/"},"fox_column_01":{"__uuid__":"00qsH//xBB7Z/encpHGrxq"},"fox_column_10":{"__uuid__":"51UiotrVxEDK8684Ax8JOl"},"fox_column_11":{"__uuid__":"c4ukftGcBNaq+yg52bfPh3"},"fox_column_12":{"__uuid__":"82KcW3SrpD64v5tM0w5HS1"},"fox_column_13":{"__uuid__":"8dUQNLYsdJj4/vIgLX2+k1"},"fox_column_14":{"__uuid__":"dcnCDCIftNfacyYhp0Cd+B"},"fox_column_15":{"__uuid__":"90+0equ/JJaKFkri0RyLQ6"},"fox_column_16":{"__uuid__":"ae/rIWUgBI2I9bSKiFwQsn"},"fox_column_17":{"__uuid__":"73ZyPOHBdCZLQSr3RrScrj"},"fox_column_18":{"__uuid__":"3aW9CjKttM4bm8E5r/HHiB"},"fox_column_19":{"__uuid__":"c3o52CsWVDvKmCv7173bqF"},"fox_column_02":{"__uuid__":"5a2GUenJVCtJlhMdmvT0f3"},"fox_column_20":{"__uuid__":"1eOkZ9udxDdpfHMFNPsvd9"},"fox_column_21":{"__uuid__":"45/5oau+1BqqtRS1VNMNG4"},"fox_column_22":{"__uuid__":"01+mRhrpdEHrwc3bnJkdmz"},"fox_column_23":{"__uuid__":"0ehdZq7qlC0JZl+HklbF8f"},"fox_column_24":{"__uuid__":"8aCAEGY8hNK7bgbVm7cQ7A"},"fox_column_25":{"__uuid__":"29cCA68n9Il4bI+ZpY3NuH"},"fox_column_26":{"__uuid__":"37urszFG1Iq5vMHYdtgyWz"},"fox_column_27":{"__uuid__":"06stH0IZZOoKkMR7q2hRqT"},"fox_column_28":{"__uuid__":"c3dMB6Ua9JcbK8o6eXf+ip"},"fox_column_03":{"__uuid__":"d1plJj9LlCrYi3OVXOCDv+"},"fox_column_04":{"__uuid__":"dfdkDvempITa/Qy+r24x0m"},"fox_column_05":{"__uuid__":"afi/ZZ07VA+J3RrS4t+3yo"},"fox_column_06":{"__uuid__":"56DtDTg31ETL3PixKzTChB"},"fox_column_07":{"__uuid__":"28uCyItp1AP5P1+sNGeP28"},"fox_column_08":{"__uuid__":"5dcgyJ9r9Djq/Vo411/uzw"},"fox_column_09":{"__uuid__":"c6MEeXkkBAkKdqlZdHEjnR"},"fox_line_00":{"__uuid__":"89FkBUlq5LzJ+GO6HEgpsA"},"fox_line_01":{"__uuid__":"ffWXDt9FBNG5YsbwB0ZaL0"},"fox_line_10":{"__uuid__":"94tb10NOxEnbdY5LhZgdAf"},"fox_line_11":{"__uuid__":"3d6jJjHABO56Ur5Bw1oMFL"},"fox_line_12":{"__uuid__":"d57zRo9KdHKpZPnCzAOePP"},"fox_line_13":{"__uuid__":"04p7bSfZ5MI7iXY01AwRSx"},"fox_line_14":{"__uuid__":"70Wl+kxLFMG5ggyMcLhDB8"},"fox_line_15":{"__uuid__":"bfLfNkmWJP+ZXd2yPnTTfW"},"fox_line_16":{"__uuid__":"24AIUjzUpKSbipCAhqht3+"},"fox_line_17":{"__uuid__":"faOjRlU+NJy6O7xVhQgIbu"},"fox_line_18":{"__uuid__":"b8to4w4xlKyZuhrKLsXks7"},"fox_line_19":{"__uuid__":"c6ZYYOpARH7oVcdx9AMngm"},"fox_line_02":{"__uuid__":"22gybv8uJFGY/ev/4GkbsE"},"fox_line_20":{"__uuid__":"2cQpqW/RtH8ad7qJp44t7p"},"fox_line_21":{"__uuid__":"7aPRVJ3ZVI0rjsk8Zdj36P"},"fox_line_22":{"__uuid__":"75qtOnt35NcpXAcPQzpv13"},"fox_line_23":{"__uuid__":"aahVNsMw5NOJmDeVpzg4fi"},"fox_line_24":{"__uuid__":"a965VGCBRCrr10yM48oF5t"},"fox_line_25":{"__uuid__":"daC5t18ERD/IbCOC1W+MKx"},"fox_line_26":{"__uuid__":"78yTS+5dVD7pJ4DxgFnCPa"},"fox_line_27":{"__uuid__":"6c2KHH759IvLfwN9uo/1Vj"},"fox_line_28":{"__uuid__":"8eanaDLBhJjJlSzEVsRnGx"},"fox_line_03":{"__uuid__":"36fJ4rmnFHp7EuKTkw14V+"},"fox_line_04":{"__uuid__":"f44SHQFLxDiKNLabKIbv9E"},"fox_line_05":{"__uuid__":"cfwpEas9JPwqM5tzxy6thL"},"fox_line_06":{"__uuid__":"13NccXSrZIDZxKER6Qemoq"},"fox_line_07":{"__uuid__":"8fFeJPkHdALIOpY4sjYp/q"},"fox_line_08":{"__uuid__":"ebtzHwRJ9LyYzU8O3T5j59"},"fox_line_09":{"__uuid__":"12VkNQld9NLoeLTCyb8NmT"},"fox_wrap_00":{"__uuid__":"63awOl7UlEM7gTbNyG8GeF"},"fox_wrap_01":{"__uuid__":"79MBSGHxBGM7EVnfnyy36g"},"fox_wrap_10":{"__uuid__":"daAim65ixNAp73k/i5ii2V"},"fox_wrap_11":{"__uuid__":"9aT0vJHWRJFqhLPRTlp0LX"},"fox_wrap_12":{"__uuid__":"d1Qz1s+xpELIXI/1vQmeEu"},"fox_wrap_13":{"__uuid__":"83g4e8aqpFnou7sb8/i93U"},"fox_wrap_14":{"__uuid__":"26F2jsh/tJp7WPN5bUtiqC"},"fox_wrap_15":{"__uuid__":"dfMGth12pG2Z86m/dbWdSX"},"fox_wrap_16":{"__uuid__":"d6bvdOBKBOHZJHbkiOm8TS"},"fox_wrap_17":{"__uuid__":"ebieMr0TtCFq0vMXSyWNEE"},"fox_wrap_18":{"__uuid__":"6aPmBlvBNLGa6xbdtEbVON"},"fox_wrap_19":{"__uuid__":"cdNp+4zqZJeowdte1Mk8P4"},"fox_wrap_02":{"__uuid__":"8coSI1NZ1KIaW+IiyLi28e"},"fox_wrap_20":{"__uuid__":"02gkKT2wFOu6dHlNX2uTw1"},"fox_wrap_21":{"__uuid__":"e8ZX4osy5I16cnpUKCYHC+"},"fox_wrap_22":{"__uuid__":"738HElt/tCbbnjLGeF90TS"},"fox_wrap_23":{"__uuid__":"7a7GUMK5NBJbWv9XFvl92z"},"fox_wrap_24":{"__uuid__":"de5f3XfGBDd49F+TJUQ1Sg"},"fox_wrap_25":{"__uuid__":"41EiPL2etEybf/VKcZU/Fy"},"fox_wrap_26":{"__uuid__":"446uFOWglKFJcQgRGy7oeH"},"fox_wrap_27":{"__uuid__":"f4pbRkTslAf4balDZC0J4S"},"fox_wrap_28":{"__uuid__":"99I22f9vZMAqp1u1wB7+zH"},"fox_wrap_29":{"__uuid__":"25vbj4ByBFTZHeJWU6XJWq"},"fox_wrap_03":{"__uuid__":"c74v1nETNKWZvn6wBHER1+"},"fox_wrap_30":{"__uuid__":"d4zxRBoPVMUqNmN/va2PRC"},"fox_wrap_31":{"__uuid__":"5aHjMVLPFEOrqv3YU71Gk2"},"fox_wrap_32":{"__uuid__":"527tn7ru5FabjY8Hv2440e"},"fox_wrap_33":{"__uuid__":"17wLJzN09PKLLiMbspYtl9"},"fox_wrap_34":{"__uuid__":"c74z1Cv51CFq0/XULIRqsW"},"fox_wrap_35":{"__uuid__":"49RaWI/WhJerUWSXCFnsHI"},"fox_wrap_36":{"__uuid__":"cdnH3hNQRPGK8M0hRsb8VU"},"fox_wrap_37":{"__uuid__":"3eAsWK7vpKG6/qF5Z3bc+N"},"fox_wrap_38":{"__uuid__":"d5ICRC0NFBxLeguuTtNpAL"},"fox_wrap_39":{"__uuid__":"4flv+v6mtO8YfM4tTaHD56"},"fox_wrap_04":{"__uuid__":"02ZVm/7AlEmLg+waMAuy07"},"fox_wrap_40":{"__uuid__":"57bUxGsu9A6YD7Tj86I5HQ"},"fox_wrap_41":{"__uuid__":"d3it2W7JhGHZoY9lRWm8WW"},"fox_wrap_42":{"__uuid__":"665K4qzEBE6aWCVAxl4vC9"},"fox_wrap_43":{"__uuid__":"82R9VXXbBEeY3jJn+IQD6g"},"fox_wrap_44":{"__uuid__":"645mkG99dO3ZbDod/s8ylu"},"fox_wrap_45":{"__uuid__":"bbI+qxkXREOYmaqLeLuyYw"},"fox_wrap_46":{"__uuid__":"25ihBM4nxNdpIbn6jYwFKW"},"fox_wrap_47":{"__uuid__":"e5tO6guPtHp72lXVva+MUy"},"fox_wrap_48":{"__uuid__":"e4fN4OpZVKNajv0CxL4g63"},"fox_wrap_05":{"__uuid__":"5aIRr1NH1AirYmI4BwqExO"},"fox_wrap_06":{"__uuid__":"6axI9qLcZI3IH/iVgX4qOh"},"fox_wrap_07":{"__uuid__":"19GXYm+nhF4aQ117I2H2Pl"},"fox_wrap_08":{"__uuid__":"f1ybXlLoVGgr7XrR2oK/Z4"},"fox_wrap_09":{"__uuid__":"5fc4SdyXpGy7fvywW8nbEu"}}},{"__type__":"cc.SpriteFrame","content":{"name":"fox_line_00","texture":"97nOgiU6dBUrIECXxa1iIv","rect":[158,522,78,72],"offset":[-1,0],"originalSize":[80,76]}},{"__type__":"cc.SpriteFrame","content":{"name":"fox_column_24","texture":"97nOgiU6dBUrIECXxa1iIv","rect":[230,805,74,71],"offset":[0,1],"originalSize":[80,73],"rotated":1}},{"__type__":"cc.SpriteFrame","content":{"name":"fox_click_21","texture":"97nOgiU6dBUrIECXxa1iIv","rect":[482,138,68,63],"offset":[0,-2],"originalSize":[68,67],"rotated":1}},{"__type__":"cc.SpriteFrame","content":{"name":"fox_wrap_02","texture":"97nOgiU6dBUrIECXxa1iIv","rect":[162,78,80,76],"offset":[0,0],"originalSize":[80,76]}},{"__type__":"cc.SpriteFrame","content":{"name":"fox_column_13","texture":"97nOgiU6dBUrIECXxa1iIv","rect":[470,633,76,73],"offset":[0,0],"originalSize":[80,73]}},{"__type__":"cc.SpriteFrame","content":{"name":"fox_line_28","texture":"97nOgiU6dBUrIECXxa1iIv","rect":[158,522,78,72],"offset":[-1,0],"originalSize":[80,76]}},{"__type__":"cc.SpriteFrame","content":{"name":"fox_line_07","texture":"97nOgiU6dBUrIECXxa1iIv","rect":[322,78,80,76],"offset":[0,0],"originalSize":[80,76]}},{"__type__":"cc.SpriteFrame","content":{"name":"fox_column_15","texture":"97nOgiU6dBUrIECXxa1iIv","rect":[470,487,76,73],"offset":[0,0],"originalSize":[80,73]}},{"__type__":"cc.SpriteFrame","content":{"name":"fox_line_10","texture":"97nOgiU6dBUrIECXxa1iIv","rect":[158,376,78,74],"offset":[0,0],"originalSize":[80,76]}},{"__type__":"cc.SpriteFrame","content":{"name":"fox_wrap_28","texture":"97nOgiU6dBUrIECXxa1iIv","rect":[242,2,80,76],"offset":[0,0],"originalSize":[80,76]}},{"__type__":"cc.SpriteFrame","content":{"name":"fox_wrap_11","texture":"97nOgiU6dBUrIECXxa1iIv","rect":[392,374,78,74],"offset":[-1,0],"originalSize":[80,76]}},{"__type__":"cc.SpriteFrame","content":{"name":"fox_click_26","texture":"97nOgiU6dBUrIECXxa1iIv","rect":[482,138,68,63],"offset":[0,-2],"originalSize":[68,67],"rotated":1}},{"__type__":"cc.SpriteFrame","content":{"name":"fox_click_14","texture":"97nOgiU6dBUrIECXxa1iIv","rect":[206,956,68,63],"offset":[0,-2],"originalSize":[68,67]}},{"__type__":"cc.SpriteFrame","content":{"name":"fox_click_24","texture":"97nOgiU6dBUrIECXxa1iIv","rect":[482,138,68,63],"offset":[0,-2],"originalSize":[68,67],"rotated":1}},{"__type__":"cc.SpriteFrame","content":{"name":"fox_line_24","texture":"97nOgiU6dBUrIECXxa1iIv","rect":[78,808,76,72],"offset":[-2,1],"originalSize":[80,76]}},{"__type__":"cc.SpriteFrame","content":{"name":"fox_line_23","texture":"97nOgiU6dBUrIECXxa1iIv","rect":[78,808,76,72],"offset":[-2,1],"originalSize":[80,76]}},{"__type__":"cc.SpriteFrame","content":{"name":"fox_click_29","texture":"97nOgiU6dBUrIECXxa1iIv","rect":[482,138,68,63],"offset":[0,-2],"originalSize":[68,67],"rotated":1}},{"__type__":"cc.SpriteFrame","content":{"name":"fox_column_16","texture":"97nOgiU6dBUrIECXxa1iIv","rect":[286,879,76,71],"offset":[0,1],"originalSize":[80,73],"rotated":1}},{"__type__":"cc.SpriteFrame","content":{"name":"fox_column_05","texture":"97nOgiU6dBUrIECXxa1iIv","rect":[322,154,80,71],"offset":[0,-1],"originalSize":[80,73]}},{"__type__":"cc.SpriteFrame","content":{"name":"fox_line_18","texture":"97nOgiU6dBUrIECXxa1iIv","rect":[2,809,76,72],"offset":[-1,1],"originalSize":[80,76]}},{"__type__":"cc.SpriteFrame","content":{"name":"fox_wrap_45","texture":"97nOgiU6dBUrIECXxa1iIv","rect":[80,228,78,74],"offset":[-1,0],"originalSize":[80,76]}},{"__type__":"cc.SpriteFrame","content":{"name":"fox_line_15","texture":"97nOgiU6dBUrIECXxa1iIv","rect":[314,520,78,72],"offset":[-1,0],"originalSize":[80,76]}},{"__type__":"cc.SpriteFrame","content":{"name":"fox_click_20","texture":"97nOgiU6dBUrIECXxa1iIv","rect":[482,206,68,63],"offset":[0,-2],"originalSize":[68,67],"rotated":1}},{"__type__":"cc.SpriteFrame","content":{"name":"fox_column_28","texture":"97nOgiU6dBUrIECXxa1iIv","rect":[470,341,76,73],"offset":[0,0],"originalSize":[80,73]}},{"__type__":"cc.SpriteFrame","content":{"name":"fox_column_19","texture":"97nOgiU6dBUrIECXxa1iIv","rect":[301,805,74,71],"offset":[0,1],"originalSize":[80,73],"rotated":1}},{"__type__":"cc.SpriteFrame","content":{"name":"fox_column_11","texture":"97nOgiU6dBUrIECXxa1iIv","rect":[2,594,78,71],"offset":[0,0],"originalSize":[80,73]}},{"__type__":"cc.SpriteFrame","content":{"name":"fox_column_09","texture":"97nOgiU6dBUrIECXxa1iIv","rect":[242,154,80,71],"offset":[0,-1],"originalSize":[80,73]}},{"__type__":"cc.SpriteFrame","content":{"name":"fox_line_19","texture":"97nOgiU6dBUrIECXxa1iIv","rect":[78,808,76,72],"offset":[-2,1],"originalSize":[80,76]}},{"__type__":"cc.SpriteFrame","content":{"name":"fox_wrap_03","texture":"97nOgiU6dBUrIECXxa1iIv","rect":[162,78,80,76],"offset":[0,0],"originalSize":[80,76]}},{"__type__":"cc.SpriteFrame","content":{"name":"fox_wrap_34","texture":"97nOgiU6dBUrIECXxa1iIv","rect":[357,879,76,70],"offset":[-1,0],"originalSize":[80,76],"rotated":1}},{"__type__":"cc.SpriteFrame","content":{"name":"fox_click_04","texture":"97nOgiU6dBUrIECXxa1iIv","rect":[410,955,68,63],"offset":[0,-2],"originalSize":[68,67]}},{"__type__":"cc.SpriteFrame","content":{"name":"fox_column_00","texture":"97nOgiU6dBUrIECXxa1iIv","rect":[158,594,76,73],"offset":[0,0],"originalSize":[80,73]}},{"__type__":"cc.SpriteFrame","content":{"name":"fox_wrap_19","texture":"97nOgiU6dBUrIECXxa1iIv","rect":[158,450,78,72],"offset":[-1,-1],"originalSize":[80,76]}},{"__type__":"cc.SpriteFrame","content":{"name":"fox_wrap_36","texture":"97nOgiU6dBUrIECXxa1iIv","rect":[392,300,78,74],"offset":[-1,1],"originalSize":[80,76]}},{"__type__":"cc.SpriteFrame","content":{"name":"fox_line_05","texture":"97nOgiU6dBUrIECXxa1iIv","rect":[322,78,80,76],"offset":[0,0],"originalSize":[80,76]}},{"__type__":"cc.SpriteFrame","content":{"name":"fox_wrap_12","texture":"97nOgiU6dBUrIECXxa1iIv","rect":[314,373,78,74],"offset":[0,0],"originalSize":[80,76]}},{"__type__":"cc.SpriteFrame","content":{"name":"fox_column_03","texture":"97nOgiU6dBUrIECXxa1iIv","rect":[236,590,78,71],"offset":[0,-1],"originalSize":[80,73]}},{"__type__":"cc.SpriteFrame","content":{"name":"fox_wrap_41","texture":"97nOgiU6dBUrIECXxa1iIv","rect":[158,228,78,74],"offset":[0,0],"originalSize":[80,76]}},{"__type__":"cc.SpriteFrame","content":{"name":"fox_wrap_30","texture":"97nOgiU6dBUrIECXxa1iIv","rect":[158,302,78,74],"offset":[0,0],"originalSize":[80,76]}},{"__type__":"cc.SpriteFrame","content":{"name":"fox_wrap_38","texture":"97nOgiU6dBUrIECXxa1iIv","rect":[236,296,78,74],"offset":[0,0],"originalSize":[80,76]}},{"__type__":"cc.SpriteFrame","content":{"name":"fox_line_12","texture":"97nOgiU6dBUrIECXxa1iIv","rect":[80,522,78,72],"offset":[-1,0],"originalSize":[80,76]}},{"__type__":"cc.SpriteFrame","content":{"name":"fox_wrap_16","texture":"97nOgiU6dBUrIECXxa1iIv","rect":[82,154,80,74],"offset":[0,0],"originalSize":[80,76]}},{"__type__":"cc.SpriteFrame","content":{"name":"fox_click_27","texture":"97nOgiU6dBUrIECXxa1iIv","rect":[482,138,68,63],"offset":[0,-2],"originalSize":[68,67],"rotated":1}},{"__type__":"cc.SpriteFrame","content":{"name":"fox_wrap_10","texture":"97nOgiU6dBUrIECXxa1iIv","rect":[2,737,76,72],"offset":[0,0],"originalSize":[80,76]}},{"__type__":"cc.SpriteFrame","content":{"name":"fox_line_25","texture":"97nOgiU6dBUrIECXxa1iIv","rect":[154,739,76,72],"offset":[-1,1],"originalSize":[80,76]}},{"__type__":"cc.SpriteFrame","content":{"name":"fox_column_14","texture":"97nOgiU6dBUrIECXxa1iIv","rect":[470,560,76,73],"offset":[0,0],"originalSize":[80,73]}},{"__type__":"cc.SpriteFrame","content":{"name":"fox_wrap_24","texture":"97nOgiU6dBUrIECXxa1iIv","rect":[2,450,78,72],"offset":[-1,-1],"originalSize":[80,76]}},{"__type__":"cc.SpriteFrame","content":{"name":"fox_wrap_15","texture":"97nOgiU6dBUrIECXxa1iIv","rect":[402,2,80,76],"offset":[0,0],"originalSize":[80,76]}},{"__type__":"cc.SpriteFrame","content":{"name":"fox_column_04","texture":"97nOgiU6dBUrIECXxa1iIv","rect":[322,154,80,71],"offset":[0,-1],"originalSize":[80,73]}},{"__type__":"cc.SpriteFrame","content":{"name":"fox_click_00","texture":"97nOgiU6dBUrIECXxa1iIv","rect":[410,955,68,63],"offset":[0,-2],"originalSize":[68,67]}},{"__type__":"cc.SpriteFrame","content":{"name":"fox_wrap_48","texture":"97nOgiU6dBUrIECXxa1iIv","rect":[162,78,80,76],"offset":[0,0],"originalSize":[80,76]}},{"__type__":"cc.SpriteFrame","content":{"name":"fox_wrap_47","texture":"97nOgiU6dBUrIECXxa1iIv","rect":[402,78,80,74],"offset":[0,0],"originalSize":[80,76]}},{"__type__":"cc.SpriteFrame","content":{"name":"fox_click_05","texture":"97nOgiU6dBUrIECXxa1iIv","rect":[410,955,68,63],"offset":[0,-2],"originalSize":[68,67]}},{"__type__":"cc.SpriteFrame","content":{"name":"fox_wrap_21","texture":"97nOgiU6dBUrIECXxa1iIv","rect":[384,735,76,70],"offset":[-1,0],"originalSize":[80,76]}},{"__type__":"cc.SpriteFrame","content":{"name":"fox_wrap_17","texture":"97nOgiU6dBUrIECXxa1iIv","rect":[236,518,78,72],"offset":[0,-1],"originalSize":[80,76]}},{"__type__":"cc.SpriteFrame","content":{"name":"fox_line_08","texture":"97nOgiU6dBUrIECXxa1iIv","rect":[322,78,80,76],"offset":[0,0],"originalSize":[80,76]}},{"__type__":"cc.SpriteFrame","content":{"name":"fox_wrap_08","texture":"97nOgiU6dBUrIECXxa1iIv","rect":[80,664,76,72],"offset":[0,0],"originalSize":[80,76]}},{"__type__":"cc.SpriteFrame","content":{"name":"fox_wrap_27","texture":"97nOgiU6dBUrIECXxa1iIv","rect":[322,2,80,76],"offset":[0,0],"originalSize":[80,76]}},{"__type__":"cc.SpriteFrame","content":{"name":"fox_line_04","texture":"97nOgiU6dBUrIECXxa1iIv","rect":[322,78,80,76],"offset":[0,0],"originalSize":[80,76]}},{"__type__":"cc.SpriteFrame","content":{"name":"fox_line_17","texture":"97nOgiU6dBUrIECXxa1iIv","rect":[386,663,76,72],"offset":[-1,1],"originalSize":[80,76]}},{"__type__":"cc.SpriteFrame","content":{"name":"fox_line_01","texture":"97nOgiU6dBUrIECXxa1iIv","rect":[236,444,78,74],"offset":[-1,1],"originalSize":[80,76]}}]